country_code,year,life_expectancy,maternal_mortality,healthcare_expenditure,infant_mortality,disease_burden,source,life_expectancy_filter,maternal_mortality_filter,healthcare_expenditure_filter,average_life_expectancy,total_healthcare_expenditure,under5_mortality_per_1k,maternal_mortality_ratio,physicians_per_1k,hospital_beds_per_10k,suicide_rate_per_100k,indicator_code
USA,2010,70.65,88.3,4.93,14.34,215.21,mock_data,2,2,1,68.65,14.79,17.21,88.3,3.22,59.53,23.75,HLTH_MOCK
USA,2011,62.88,201.28,9.36,16.1,292.98,mock_data,1,3,2,60.88,28.08,19.32,201.28,0.51,76.3,19.42,HLTH_MOCK
USA,2012,75.83,184.94,12.05,19.78,381.72,mock_data,2,3,3,73.83,36.150000000000006,23.74,184.94,3.07,71.1,15.57,HLTH_MOCK
USA,2013,71.85,216.77,16.59,18.55,205.47,mock_data,2,3,3,69.85,49.77,22.26,216.77,1.04,32.11,20.54,HLTH_MOCK
USA,2014,60.1,107.22,12.72,36.27,488.3,mock_data,1,3,3,58.1,38.16,43.52,107.22,2.34,50.84,23.98,HLTH_MOCK
USA,2015,67.57,129.51,17.44,3.43,489.86,mock_data,1,3,3,65.57,52.32000000000001,4.12,129.51,2.86,33.27,15.35,HLTH_MOCK
USA,2016,83.99,265.02,15.12,29.49,337.89,mock_data,3,3,3,81.99,45.36,35.39,265.02,4.1,59.92,15.12,HLTH_MOCK
USA,2017,67.2,162.23,17.02,39.44,230.45,mock_data,1,3,3,65.2,51.06,47.33,162.23,4.62,38.92,12.98,HLTH_MOCK
USA,2018,81.61,128.27,12.62,17.31,178.14,mock_data,3,3,3,79.61,37.86,20.77,128.27,4.67,37.28,7.48,HLTH_MOCK
USA,2019,77.02,171.72,10.15,26.55,406.87,mock_data,2,3,3,75.02,30.450000000000003,31.86,171.72,1.47,60.15,15.62,HLTH_MOCK
USA,2020,81.86,105.03,8.3,30.29,389.15,mock_data,3,3,2,79.86,24.9,36.35,105.03,2.1,46.22,19.82,HLTH_MOCK
USA,2021,73.83,91.43,11.39,32.08,334.97,mock_data,2,2,3,71.83,34.17,38.5,91.43,1.39,33.83,11.26,HLTH_MOCK
USA,2022,81.69,32.05,10.78,9.49,369.22,mock_data,3,2,3,79.69,32.34,11.39,32.05,3.72,65.62,11.52,HLTH_MOCK
USA,2023,81.69,17.7,7.15,22.54,222.31,mock_data,3,1,2,79.69,21.450000000000003,27.05,17.7,3.0,39.3,24.39,HLTH_MOCK
GBR,2010,69.14,91.18,7.24,26.85,383.09,mock_data,1,2,2,67.14,21.72,32.22,91.18,1.89,57.2,22.16,HLTH_MOCK
GBR,2011,71.42,298.43,11.19,20.59,358.38,mock_data,2,3,3,69.42,33.57,24.71,298.43,2.2,18.48,23.16,HLTH_MOCK
GBR,2012,68.42,146.77,15.71,25.7,362.45,mock_data,1,3,3,66.42,47.13,30.84,146.77,1.75,26.34,6.21,HLTH_MOCK
GBR,2013,65.08,246.08,10.38,22.05,105.84,mock_data,1,3,3,63.08,31.14,26.46,246.08,1.09,47.14,13.72,HLTH_MOCK
GBR,2014,81.47,244.72,8.97,36.76,289.53,mock_data,3,3,2,79.47,26.910000000000004,44.11,244.72,3.56,19.76,11.23,HLTH_MOCK
GBR,2015,70.07,130.04,4.83,10.09,186.75,mock_data,2,3,1,68.07,14.49,12.11,130.04,1.89,20.73,18.89,HLTH_MOCK
GBR,2016,81.84,175.49,7.3,34.86,302.59,mock_data,3,3,2,79.84,21.9,41.83,175.49,2.17,22.97,4.24,HLTH_MOCK
GBR,2017,65.01,168.53,4.47,35.37,114.02,mock_data,1,3,1,63.010000000000005,13.41,42.44,168.53,4.13,37.07,11.19,HLTH_MOCK
GBR,2018,73.22,196.39,13.87,8.6,268.81,mock_data,2,3,3,71.22,41.61,10.32,196.39,2.61,64.72,16.45,HLTH_MOCK
GBR,2019,67.63,54.27,13.98,32.36,410.3,mock_data,1,2,3,65.63,41.94,38.83,54.27,4.93,77.67,20.99,HLTH_MOCK
GBR,2020,69.59,240.4,4.5,36.69,367.48,mock_data,1,3,1,67.59,13.5,44.03,240.4,4.91,57.04,20.27,HLTH_MOCK
GBR,2021,61.18,98.55,3.98,5.91,206.77,mock_data,1,2,1,59.18,11.94,7.09,98.55,1.81,75.48,22.48,HLTH_MOCK
GBR,2022,74.71,115.03,6.87,4.3,498.2,mock_data,2,3,2,72.71,20.61,5.16,115.03,2.35,42.0,16.01,HLTH_MOCK
GBR,2023,63.89,148.62,8.3,38.06,103.79,mock_data,1,3,2,61.89,24.9,45.67,148.62,2.01,51.55,22.3,HLTH_MOCK
DEU,2010,61.64,102.1,12.11,38.95,465.12,mock_data,1,3,3,59.64,36.33,46.74,102.1,4.71,45.27,5.34,HLTH_MOCK
DEU,2011,70.22,163.31,13.35,5.62,196.03,mock_data,2,3,3,68.22,40.05,6.74,163.31,3.72,70.89,10.92,HLTH_MOCK
DEU,2012,68.2,249.21,6.82,15.38,268.23,mock_data,1,3,2,66.2,20.46,18.46,249.21,3.13,48.46,14.62,HLTH_MOCK
DEU,2013,77.47,288.71,15.93,31.32,342.87,mock_data,2,3,3,75.47,47.79,37.58,288.71,1.95,55.15,22.35,HLTH_MOCK
DEU,2014,63.65,95.75,4.29,4.89,129.88,mock_data,1,2,1,61.65,12.87,5.87,95.75,2.01,25.6,11.67,HLTH_MOCK
DEU,2015,71.38,90.67,15.96,13.58,261.0,mock_data,2,2,3,69.38,47.88,16.3,90.67,4.55,12.36,11.16,HLTH_MOCK
DEU,2016,70.81,29.26,13.94,26.34,490.2,mock_data,2,2,3,68.81,41.82,31.61,29.26,3.54,57.49,14.94,HLTH_MOCK
DEU,2017,74.42,289.98,14.03,3.48,341.05,mock_data,2,3,3,72.42,42.09,4.18,289.98,2.29,34.52,10.88,HLTH_MOCK
DEU,2018,76.89,100.36,15.64,25.68,493.17,mock_data,2,3,3,74.89,46.92,30.82,100.36,3.86,40.56,18.77,HLTH_MOCK
DEU,2019,60.51,185.66,14.7,26.33,495.97,mock_data,1,3,3,58.51,44.1,31.6,185.66,4.97,71.35,3.99,HLTH_MOCK
DEU,2020,81.21,291.73,10.94,36.78,299.06,mock_data,3,3,3,79.21,32.82,44.14,291.73,3.35,74.47,16.8,HLTH_MOCK
DEU,2021,67.56,200.74,7.32,26.86,314.48,mock_data,1,3,2,65.56,21.96,32.23,200.74,3.79,21.71,13.75,HLTH_MOCK
DEU,2022,81.17,277.37,14.62,36.73,227.76,mock_data,3,3,3,79.17,43.86,44.08,277.37,0.53,70.37,22.11,HLTH_MOCK
DEU,2023,75.06,76.75,6.91,7.91,137.41,mock_data,2,2,2,73.06,20.73,9.49,76.75,2.05,54.39,5.81,HLTH_MOCK
JPN,2010,75.81,219.73,5.87,21.82,190.93,mock_data,2,3,2,73.81,17.61,26.18,219.73,1.99,56.1,9.34,HLTH_MOCK
JPN,2011,67.18,117.22,17.31,30.13,298.51,mock_data,1,3,3,65.18,51.92999999999999,36.16,117.22,0.68,17.66,16.02,HLTH_MOCK
JPN,2012,62.82,93.15,12.17,36.6,213.66,mock_data,1,2,3,60.82,36.51,43.92,93.15,4.33,25.18,5.72,HLTH_MOCK
JPN,2013,64.85,85.78,12.27,15.18,121.46,mock_data,1,2,3,62.85,36.81,18.22,85.78,1.09,57.44,17.62,HLTH_MOCK
JPN,2014,69.15,291.26,8.31,38.43,359.24,mock_data,1,3,2,67.15,24.93,46.12,291.26,1.89,54.64,19.26,HLTH_MOCK
JPN,2015,80.44,278.04,13.16,36.85,347.8,mock_data,3,3,3,78.44,39.48,44.22,278.04,3.61,16.4,16.69,HLTH_MOCK
JPN,2016,67.27,287.22,10.14,5.31,117.12,mock_data,1,3,3,65.27,30.42,6.37,287.22,4.67,10.79,19.85,HLTH_MOCK
JPN,2017,80.74,34.83,4.49,13.87,447.17,mock_data,3,2,1,78.74,13.47,16.64,34.83,1.33,32.19,20.06,HLTH_MOCK
JPN,2018,66.53,257.33,7.11,27.04,267.58,mock_data,1,3,2,64.53,21.33,32.45,257.33,3.23,64.7,11.19,HLTH_MOCK
JPN,2019,63.45,296.98,15.82,25.62,228.7,mock_data,1,3,3,61.45,47.46,30.74,296.98,4.19,36.69,15.02,HLTH_MOCK
JPN,2020,68.44,18.15,12.74,16.03,365.94,mock_data,1,1,3,66.44,38.22,19.24,18.15,1.34,50.81,3.78,HLTH_MOCK
JPN,2021,81.86,64.7,3.1,8.94,438.45,mock_data,3,2,1,79.86,9.3,10.73,64.7,0.59,39.97,8.93,HLTH_MOCK
JPN,2022,80.93,18.83,13.18,9.68,164.39,mock_data,3,1,3,78.93,39.54,11.62,18.83,0.76,62.32,11.79,HLTH_MOCK
JPN,2023,71.65,238.5,2.38,5.44,230.06,mock_data,2,3,1,69.65,7.14,6.53,238.5,3.5,59.4,8.03,HLTH_MOCK
CHN,2010,69.62,46.94,6.76,6.53,399.11,mock_data,1,2,2,67.62,20.28,7.84,46.94,4.85,72.48,22.61,HLTH_MOCK
CHN,2011,69.37,184.46,17.8,34.49,403.64,mock_data,1,3,3,67.37,53.400000000000006,41.39,184.46,0.87,71.5,16.55,HLTH_MOCK
CHN,2012,81.28,169.97,8.24,20.63,475.82,mock_data,3,3,2,79.28,24.72,24.76,169.97,4.15,77.94,3.61,HLTH_MOCK
CHN,2013,67.09,90.05,8.36,32.53,166.32,mock_data,1,2,2,65.09,25.08,39.04,90.05,4.46,49.33,18.09,HLTH_MOCK
CHN,2014,71.27,214.27,10.56,10.93,371.7,mock_data,2,3,3,69.27,31.68,13.12,214.27,1.44,15.65,16.87,HLTH_MOCK
CHN,2015,84.59,292.24,9.06,36.41,278.92,mock_data,3,3,2,82.59,27.18,43.69,292.24,2.1,63.51,18.96,HLTH_MOCK
CHN,2016,60.14,95.29,15.06,32.95,189.4,mock_data,1,2,3,58.14,45.18,39.54,95.29,4.67,51.99,15.62,HLTH_MOCK
CHN,2017,75.36,36.23,5.67,21.9,238.93,mock_data,2,2,2,73.36,17.009999999999998,26.28,36.23,2.88,34.16,11.34,HLTH_MOCK
CHN,2018,76.33,102.79,10.31,12.82,430.26,mock_data,2,3,3,74.33,30.93,15.38,102.79,2.18,27.0,21.41,HLTH_MOCK
CHN,2019,68.1,34.92,14.21,12.47,339.23,mock_data,1,2,3,66.1,42.63,14.96,34.92,2.37,40.11,16.28,HLTH_MOCK
CHN,2020,62.78,237.27,8.43,23.24,366.23,mock_data,1,3,2,60.78,25.29,27.89,237.27,1.58,76.04,10.64,HLTH_MOCK
CHN,2021,61.93,188.78,5.09,21.48,116.78,mock_data,1,3,2,59.93,15.27,25.78,188.78,2.9,29.95,3.8,HLTH_MOCK
CHN,2022,74.68,83.11,10.33,34.03,230.9,mock_data,2,2,3,72.68,30.99,40.84,83.11,4.95,28.56,18.71,HLTH_MOCK
CHN,2023,60.13,224.24,13.81,23.93,181.99,mock_data,1,3,3,58.13,41.43,28.72,224.24,0.98,63.12,15.21,HLTH_MOCK
FRA,2010,78.63,72.76,3.77,18.0,317.83,mock_data,2,2,1,76.63,11.31,21.6,72.76,0.81,68.47,3.68,HLTH_MOCK
FRA,2011,69.47,155.24,16.58,36.82,213.16,mock_data,1,3,3,67.47,49.74,44.18,155.24,3.76,49.87,22.18,HLTH_MOCK
FRA,2012,79.37,240.67,13.66,10.8,105.55,mock_data,2,3,3,77.37,40.98,12.96,240.67,4.5,15.75,7.11,HLTH_MOCK
FRA,2013,76.28,50.29,7.87,28.49,448.51,mock_data,2,2,2,74.28,23.61,34.19,50.29,3.38,20.88,10.44,HLTH_MOCK
FRA,2014,82.72,114.7,10.65,22.66,158.89,mock_data,3,3,3,80.72,31.950000000000003,27.19,114.7,3.91,72.49,22.15,HLTH_MOCK
FRA,2015,83.32,73.65,6.99,5.89,125.1,mock_data,3,2,2,81.32,20.97,7.07,73.65,2.7,39.7,4.56,HLTH_MOCK
FRA,2016,65.46,131.74,14.32,26.8,123.63,mock_data,1,3,3,63.46,42.96,32.16,131.74,0.94,38.45,24.65,HLTH_MOCK
FRA,2017,74.9,178.21,16.95,35.28,272.37,mock_data,2,3,3,72.9,50.85,42.34,178.21,0.55,47.06,24.59,HLTH_MOCK
FRA,2018,83.51,190.39,2.2,8.77,130.16,mock_data,3,3,1,81.51,6.6000000000000005,10.52,190.39,3.46,78.14,8.82,HLTH_MOCK
FRA,2019,69.61,37.06,9.51,28.34,128.47,mock_data,1,2,2,67.61,28.53,34.01,37.06,3.86,71.46,21.25,HLTH_MOCK
FRA,2020,67.11,144.98,13.09,3.42,329.27,mock_data,1,3,3,65.11,39.27,4.1,144.98,4.14,28.64,12.32,HLTH_MOCK
FRA,2021,73.43,287.4,3.13,5.49,469.22,mock_data,2,3,1,71.43,9.39,6.59,287.4,3.3,79.56,16.5,HLTH_MOCK
FRA,2022,65.53,261.59,4.73,33.71,464.89,mock_data,1,3,1,63.53,14.19,40.45,261.59,4.47,44.08,24.29,HLTH_MOCK
FRA,2023,62.91,92.38,13.21,12.17,490.45,mock_data,1,2,3,60.91,39.63,14.6,92.38,1.8,34.36,24.47,HLTH_MOCK
IND,2010,65.37,165.67,12.65,30.89,135.52,mock_data,1,3,3,63.370000000000005,37.95,37.07,165.67,4.42,56.85,19.15,HLTH_MOCK
IND,2011,81.54,92.5,8.73,34.68,197.47,mock_data,3,2,2,79.54,26.19,41.62,92.5,4.77,42.26,4.46,HLTH_MOCK
IND,2012,79.07,258.6,3.46,12.82,462.53,mock_data,2,3,1,77.07,10.38,15.38,258.6,1.33,13.88,15.52,HLTH_MOCK
IND,2013,69.3,216.56,11.22,22.19,499.21,mock_data,1,3,3,67.3,33.660000000000004,26.63,216.56,3.83,64.3,11.36,HLTH_MOCK
IND,2014,80.72,197.74,14.7,27.91,273.88,mock_data,3,3,3,78.72,44.1,33.49,197.74,3.25,35.14,5.27,HLTH_MOCK
IND,2015,71.9,281.21,3.26,19.18,312.53,mock_data,2,3,1,69.9,9.78,23.02,281.21,3.92,17.17,22.17,HLTH_MOCK
IND,2016,68.19,13.08,14.68,23.43,419.21,mock_data,1,1,3,66.19,44.04,28.12,13.08,1.1,40.08,18.79,HLTH_MOCK
IND,2017,84.23,218.45,11.26,36.21,492.41,mock_data,3,3,3,82.23,33.78,43.45,218.45,4.18,38.39,7.41,HLTH_MOCK
IND,2018,73.98,251.75,15.25,20.59,388.9,mock_data,2,3,3,71.98,45.75,24.71,251.75,2.28,46.64,10.75,HLTH_MOCK
IND,2019,76.97,282.08,13.94,11.03,263.82,mock_data,2,3,3,74.97,41.82,13.24,282.08,0.6,14.73,20.33,HLTH_MOCK
IND,2020,84.79,132.68,5.45,36.31,398.41,mock_data,3,3,2,82.79,16.35,43.57,132.68,4.48,21.57,24.91,HLTH_MOCK
IND,2021,78.76,33.89,7.8,33.52,130.55,mock_data,2,2,2,76.76,23.4,40.22,33.89,0.52,66.25,10.19,HLTH_MOCK
IND,2022,84.01,249.15,14.21,2.59,264.09,mock_data,3,3,3,82.01,42.63,3.11,249.15,4.79,58.88,7.3,HLTH_MOCK
IND,2023,60.55,249.78,14.48,8.94,419.04,mock_data,1,3,3,58.55,43.44,10.73,249.78,4.03,43.34,13.65,HLTH_MOCK
AUS,2010,68.21,45.57,10.02,31.22,336.26,mock_data,1,2,3,66.21,30.06,37.46,45.57,0.51,16.2,11.57,HLTH_MOCK
AUS,2011,65.16,296.49,17.87,4.5,442.32,mock_data,1,3,3,63.16,53.61,5.4,296.49,3.09,18.87,5.36,HLTH_MOCK
AUS,2012,67.03,151.84,13.9,14.89,122.79,mock_data,1,3,3,65.03,41.7,17.87,151.84,3.4,31.51,3.78,HLTH_MOCK
AUS,2013,82.42,157.35,17.23,16.82,157.59,mock_data,3,3,3,80.42,51.69,20.18,157.35,4.5,74.08,17.39,HLTH_MOCK
AUS,2014,71.23,226.34,5.94,6.09,160.15,mock_data,2,3,2,69.23,17.82,7.31,226.34,1.33,30.94,18.37,HLTH_MOCK
AUS,2015,79.82,93.76,3.17,21.34,417.46,mock_data,2,2,1,77.82,9.51,25.61,93.76,4.27,54.13,15.46,HLTH_MOCK
AUS,2016,76.81,49.82,17.52,15.28,378.08,mock_data,2,2,3,74.81,52.56,18.34,49.82,3.43,23.94,18.75,HLTH_MOCK
AUS,2017,73.05,284.03,6.77,39.41,482.57,mock_data,2,3,2,71.05,20.31,47.29,284.03,3.06,27.57,12.05,HLTH_MOCK
AUS,2018,66.63,47.18,15.76,9.6,197.56,mock_data,1,2,3,64.63,47.28,11.52,47.18,3.99,63.83,23.72,HLTH_MOCK
AUS,2019,73.71,137.69,14.03,16.42,309.14,mock_data,2,3,3,71.71,42.09,19.7,137.69,2.78,34.65,12.91,HLTH_MOCK
AUS,2020,78.3,246.22,12.41,14.98,387.65,mock_data,2,3,3,76.3,37.23,17.98,246.22,4.02,47.26,21.85,HLTH_MOCK
AUS,2021,64.38,223.12,14.78,29.72,356.08,mock_data,1,3,3,62.38,44.34,35.66,223.12,3.97,60.31,19.18,HLTH_MOCK
AUS,2022,77.59,93.22,7.32,4.5,232.39,mock_data,2,2,2,75.59,21.96,5.4,93.22,2.14,47.65,24.14,HLTH_MOCK
AUS,2023,82.61,30.87,13.72,28.04,246.4,mock_data,3,2,3,80.61,41.16,33.65,30.87,1.2,72.18,3.23,HLTH_MOCK
BRA,2010,61.37,270.41,12.7,27.29,421.77,mock_data,1,3,3,59.37,38.1,32.75,270.41,4.2,22.15,15.54,HLTH_MOCK
BRA,2011,62.73,261.14,8.69,28.22,423.9,mock_data,1,3,2,60.73,26.07,33.86,261.14,4.95,18.46,9.53,HLTH_MOCK
BRA,2012,71.74,177.56,6.48,23.16,186.58,mock_data,2,3,2,69.74,19.44,27.79,177.56,4.59,68.0,17.72,HLTH_MOCK
BRA,2013,67.15,145.53,7.33,9.44,498.09,mock_data,1,3,2,65.15,21.99,11.33,145.53,0.58,18.02,4.59,HLTH_MOCK
BRA,2014,79.83,291.0,15.54,20.14,261.81,mock_data,2,3,3,77.83,46.62,24.17,291.0,4.53,30.14,7.27,HLTH_MOCK
BRA,2015,60.51,253.32,9.87,6.23,147.5,mock_data,1,3,2,58.51,29.61,7.48,253.32,3.97,59.2,7.72,HLTH_MOCK
BRA,2016,63.83,190.91,6.26,36.61,126.86,mock_data,1,3,2,61.83,18.78,43.93,190.91,1.47,67.3,14.09,HLTH_MOCK
BRA,2017,83.71,233.23,12.08,21.94,347.23,mock_data,3,3,3,81.71,36.24,26.33,233.23,2.5,30.73,7.03,HLTH_MOCK
BRA,2018,76.61,225.45,5.67,11.6,383.64,mock_data,2,3,2,74.61,17.009999999999998,13.92,225.45,1.01,69.51,6.8,HLTH_MOCK
BRA,2019,66.86,240.95,5.98,33.4,252.71,mock_data,1,3,2,64.86,17.94,40.08,240.95,4.08,20.75,23.11,HLTH_MOCK
BRA,2020,84.96,58.55,15.87,30.77,277.4,mock_data,3,2,3,82.96,47.61,36.92,58.55,4.91,56.0,7.11,HLTH_MOCK
BRA,2021,62.73,223.27,10.17,15.13,234.6,mock_data,1,3,3,60.73,30.51,18.16,223.27,1.39,50.0,10.62,HLTH_MOCK
BRA,2022,66.47,40.55,15.87,37.6,277.68,mock_data,1,2,3,64.47,47.61,45.12,40.55,4.1,79.62,16.48,HLTH_MOCK
BRA,2023,76.8,152.69,15.14,30.34,413.61,mock_data,2,3,3,74.8,45.42,36.41,152.69,4.42,52.94,9.1,HLTH_MOCK
CAN,2010,60.66,240.55,6.48,20.48,251.69,mock_data,1,3,2,58.66,19.44,24.58,240.55,4.66,30.88,22.53,HLTH_MOCK
CAN,2011,81.65,204.45,15.03,27.7,347.15,mock_data,3,3,3,79.65,45.09,33.24,204.45,2.03,35.92,16.36,HLTH_MOCK
CAN,2012,68.68,82.81,7.17,2.39,220.12,mock_data,1,2,2,66.68,21.51,2.87,82.81,2.94,33.14,20.49,HLTH_MOCK
CAN,2013,63.21,16.43,4.96,10.27,360.74,mock_data,1,1,1,61.21,14.88,12.32,16.43,1.02,58.56,16.51,HLTH_MOCK
CAN,2014,61.79,249.46,9.96,30.66,178.75,mock_data,1,3,2,59.79,29.880000000000003,36.79,249.46,3.77,50.76,14.54,HLTH_MOCK
CAN,2015,74.42,214.35,14.01,23.63,237.66,mock_data,2,3,3,72.42,42.03,28.36,214.35,2.47,15.02,4.77,HLTH_MOCK
CAN,2016,76.2,44.47,2.1,14.09,309.04,mock_data,2,2,1,74.2,6.300000000000001,16.91,44.47,0.53,38.99,23.29,HLTH_MOCK
CAN,2017,73.24,160.26,14.79,2.55,221.0,mock_data,2,3,3,71.24,44.37,3.06,160.26,3.1,33.03,19.11,HLTH_MOCK
CAN,2018,65.91,78.04,15.53,7.25,194.89,mock_data,1,2,3,63.91,46.59,8.7,78.04,2.68,58.56,24.75,HLTH_MOCK
CAN,2019,78.39,141.95,17.34,11.23,254.42,mock_data,2,3,3,76.39,52.02,13.48,141.95,0.85,73.22,15.57,HLTH_MOCK
CAN,2020,64.08,197.16,11.5,8.5,271.0,mock_data,1,3,3,62.08,34.5,10.2,197.16,2.63,42.47,14.06,HLTH_MOCK
CAN,2021,70.3,61.11,10.8,39.41,292.46,mock_data,2,2,3,68.3,32.400000000000006,47.29,61.11,4.94,17.88,18.23,HLTH_MOCK
CAN,2022,78.87,165.29,5.43,36.03,456.18,mock_data,2,3,2,76.87,16.29,43.24,165.29,4.49,43.73,22.62,HLTH_MOCK
CAN,2023,66.23,169.91,7.23,26.92,374.04,mock_data,1,3,2,64.23,21.69,32.3,169.91,3.82,62.84,21.68,HLTH_MOCK
ZAF,2010,60.8,74.68,17.55,32.83,101.58,mock_data,1,2,3,58.8,52.650000000000006,39.4,74.68,4.32,21.16,18.17,HLTH_MOCK
ZAF,2011,73.61,40.13,8.17,29.21,410.44,mock_data,2,2,2,71.61,24.51,35.05,40.13,4.35,59.45,21.7,HLTH_MOCK
ZAF,2012,78.4,19.01,14.25,1.64,431.59,mock_data,2,1,3,76.4,42.75,1.97,19.01,1.5,70.71,23.25,HLTH_MOCK
ZAF,2013,68.51,193.14,13.89,9.4,443.51,mock_data,1,3,3,66.51,41.67,11.28,193.14,3.53,18.47,18.67,HLTH_MOCK
ZAF,2014,67.29,201.26,16.93,37.2,431.49,mock_data,1,3,3,65.29,50.79,44.64,201.26,4.72,59.51,9.89,HLTH_MOCK
ZAF,2015,81.27,64.77,4.04,12.67,250.46,mock_data,3,2,1,79.27,12.12,15.2,64.77,4.68,74.48,18.71,HLTH_MOCK
ZAF,2016,61.26,291.55,13.08,18.75,164.93,mock_data,1,3,3,59.26,39.24,22.5,291.55,4.06,68.25,18.09,HLTH_MOCK
ZAF,2017,71.63,151.19,10.67,21.42,438.44,mock_data,2,3,3,69.63,32.01,25.7,151.19,4.27,11.43,6.98,HLTH_MOCK
ZAF,2018,73.62,242.45,4.11,18.23,166.74,mock_data,2,3,1,71.62,12.330000000000002,21.88,242.45,3.4,21.25,4.38,HLTH_MOCK
ZAF,2019,61.44,149.36,14.76,5.11,288.81,mock_data,1,3,3,59.44,44.28,6.13,149.36,4.35,77.01,15.85,HLTH_MOCK
ZAF,2020,82.14,120.76,7.58,19.05,111.94,mock_data,3,3,2,80.14,22.74,22.86,120.76,4.07,20.01,7.62,HLTH_MOCK
ZAF,2021,74.18,45.08,9.42,29.22,104.26,mock_data,2,2,2,72.18,28.26,35.06,45.08,0.95,51.54,14.12,HLTH_MOCK
ZAF,2022,83.55,99.64,3.03,16.93,115.45,mock_data,3,2,1,81.55,9.09,20.32,99.64,3.2,75.41,21.4,HLTH_MOCK
ZAF,2023,77.98,296.88,4.31,24.68,255.47,mock_data,2,3,1,75.98,12.93,29.62,296.88,1.53,49.86,10.4,HLTH_MOCK
X11,2010,64.9,67.12,4.36,33.4,448.46,mock_data,1,2,1,62.900000000000006,13.080000000000002,40.08,67.12,2.65,76.52,16.44,HLTH_MOCK
X11,2011,67.84,147.07,7.59,7.5,425.13,mock_data,1,3,2,65.84,22.77,9.0,147.07,3.2,55.34,23.54,HLTH_MOCK
X11,2012,77.02,233.46,13.0,28.19,363.31,mock_data,2,3,3,75.02,39.0,33.83,233.46,1.6,69.63,8.64,HLTH_MOCK
X11,2013,68.12,28.99,15.17,14.12,335.03,mock_data,1,2,3,66.12,45.51,16.94,28.99,3.58,19.64,23.03,HLTH_MOCK
X11,2014,71.89,80.3,10.66,38.89,253.47,mock_data,2,2,3,69.89,31.98,46.67,80.3,0.66,12.15,24.2,HLTH_MOCK
X11,2015,79.22,149.94,12.52,37.18,296.46,mock_data,2,3,3,77.22,37.56,44.62,149.94,1.6,77.98,8.91,HLTH_MOCK
X11,2016,70.04,127.54,6.78,13.59,230.87,mock_data,2,3,2,68.04,20.34,16.31,127.54,4.55,58.03,4.67,HLTH_MOCK
X11,2017,69.74,110.37,2.39,2.25,380.8,mock_data,1,3,1,67.74,7.17,2.7,110.37,1.97,67.09,10.1,HLTH_MOCK
X11,2018,83.48,28.5,11.96,29.55,316.41,mock_data,3,2,3,81.48,35.88,35.46,28.5,0.89,56.74,5.96,HLTH_MOCK
X11,2019,81.18,135.01,5.92,9.48,333.39,mock_data,3,3,2,79.18,17.759999999999998,11.38,135.01,4.62,14.7,11.62,HLTH_MOCK
X11,2020,73.9,122.02,7.99,26.76,440.52,mock_data,2,3,2,71.9,23.97,32.11,122.02,2.21,77.56,20.23,HLTH_MOCK
X11,2021,63.33,139.43,14.34,23.38,307.72,mock_data,1,3,3,61.33,43.02,28.06,139.43,4.6,37.76,3.51,HLTH_MOCK
X11,2022,78.27,48.01,13.78,13.05,276.35,mock_data,2,2,3,76.27,41.34,15.66,48.01,4.15,37.43,24.33,HLTH_MOCK
X11,2023,77.27,286.24,17.04,18.56,204.63,mock_data,2,3,3,75.27,51.12,22.27,286.24,2.83,59.57,12.05,HLTH_MOCK
X12,2010,69.43,5.19,15.31,1.69,189.85,mock_data,1,1,3,67.43,45.93,2.03,5.19,2.68,77.4,18.2,HLTH_MOCK
X12,2011,67.22,131.38,9.87,10.63,271.41,mock_data,1,3,2,65.22,29.61,12.76,131.38,4.0,16.9,19.09,HLTH_MOCK
X12,2012,65.55,152.01,2.97,28.88,183.31,mock_data,1,3,1,63.55,8.91,34.66,152.01,1.97,44.16,11.51,HLTH_MOCK
X12,2013,75.88,206.7,3.09,26.91,140.5,mock_data,2,3,1,73.88,9.27,32.29,206.7,3.11,54.55,18.8,HLTH_MOCK
X12,2014,82.27,32.42,2.45,39.1,496.65,mock_data,3,2,1,80.27,7.35,46.92,32.42,3.59,53.51,9.12,HLTH_MOCK
X12,2015,82.93,72.8,3.27,1.23,478.55,mock_data,3,2,1,80.93,9.81,1.48,72.8,2.05,55.96,6.6,HLTH_MOCK
X12,2016,76.89,298.83,15.83,20.82,207.34,mock_data,2,3,3,74.89,47.49,24.98,298.83,4.77,40.41,8.77,HLTH_MOCK
X12,2017,80.74,244.73,13.49,30.53,184.98,mock_data,3,3,3,78.74,40.47,36.64,244.73,1.08,37.7,13.17,HLTH_MOCK
X12,2018,71.94,263.01,10.34,24.92,400.15,mock_data,2,3,3,69.94,31.02,29.9,263.01,4.31,56.03,4.97,HLTH_MOCK
X12,2019,67.99,288.67,2.48,2.89,200.25,mock_data,1,3,1,65.99,7.439999999999999,3.47,288.67,2.53,72.06,20.43,HLTH_MOCK
X12,2020,73.37,131.55,5.59,6.11,431.44,mock_data,2,3,2,71.37,16.77,7.33,131.55,1.83,23.41,17.66,HLTH_MOCK
X12,2021,68.31,176.64,16.82,35.44,322.75,mock_data,1,3,3,66.31,50.46,42.53,176.64,1.8,73.81,24.08,HLTH_MOCK
X12,2022,82.59,259.31,10.71,24.76,138.3,mock_data,3,3,3,80.59,32.13,29.71,259.31,4.03,46.0,24.98,HLTH_MOCK
X12,2023,69.72,31.34,15.87,21.17,307.86,mock_data,1,2,3,67.72,47.61,25.4,31.34,2.33,52.19,4.82,HLTH_MOCK
X13,2010,81.46,283.83,3.96,25.24,390.8,mock_data,3,3,1,79.46,11.88,30.29,283.83,3.17,73.18,3.19,HLTH_MOCK
X13,2011,74.74,205.26,3.25,32.93,160.75,mock_data,2,3,1,72.74,9.75,39.52,205.26,4.88,77.08,22.65,HLTH_MOCK
X13,2012,81.6,203.37,17.27,27.26,313.09,mock_data,3,3,3,79.6,51.81,32.71,203.37,1.61,49.06,15.69,HLTH_MOCK
X13,2013,79.81,192.53,17.8,12.47,468.34,mock_data,2,3,3,77.81,53.400000000000006,14.96,192.53,4.97,39.05,11.42,HLTH_MOCK
X13,2014,75.61,232.18,7.35,12.64,329.75,mock_data,2,3,2,73.61,22.05,15.17,232.18,1.19,78.12,21.98,HLTH_MOCK
X13,2015,66.78,61.59,16.3,15.53,499.92,mock_data,1,2,3,64.78,48.900000000000006,18.64,61.59,3.99,41.32,19.29,HLTH_MOCK
X13,2016,64.67,27.04,12.82,21.32,104.16,mock_data,1,2,3,62.67,38.46,25.58,27.04,2.34,38.76,8.82,HLTH_MOCK
X13,2017,74.19,175.63,13.33,21.66,295.75,mock_data,2,3,3,72.19,39.99,25.99,175.63,4.99,75.14,6.66,HLTH_MOCK
X13,2018,83.32,274.59,11.93,32.97,457.31,mock_data,3,3,3,81.32,35.79,39.56,274.59,2.07,78.13,3.02,HLTH_MOCK
X13,2019,61.3,240.36,5.28,35.19,180.96,mock_data,1,3,2,59.3,15.84,42.23,240.36,1.51,67.85,8.62,HLTH_MOCK
X13,2020,70.79,134.91,10.41,13.77,189.21,mock_data,2,3,3,68.79,31.23,16.52,134.91,4.83,26.27,14.78,HLTH_MOCK
X13,2021,84.4,166.43,4.15,37.9,191.43,mock_data,3,3,1,82.4,12.45,45.48,166.43,4.86,40.7,22.45,HLTH_MOCK
X13,2022,69.22,256.45,8.28,25.48,424.68,mock_data,1,3,2,67.22,24.84,30.58,256.45,4.17,79.01,19.91,HLTH_MOCK
X13,2023,69.35,143.58,4.24,28.92,361.22,mock_data,1,3,1,67.35,12.72,34.7,143.58,3.05,69.12,7.65,HLTH_MOCK
X14,2010,82.85,261.27,7.75,12.82,318.1,mock_data,3,3,2,80.85,23.25,15.38,261.27,1.22,53.3,10.72,HLTH_MOCK
X14,2011,64.12,96.44,4.8,2.88,109.07,mock_data,1,2,1,62.120000000000005,14.4,3.46,96.44,0.69,69.2,8.02,HLTH_MOCK
X14,2012,74.7,129.35,10.39,37.85,180.66,mock_data,2,3,3,72.7,31.17,45.42,129.35,1.96,48.67,5.57,HLTH_MOCK
X14,2013,79.6,174.0,17.29,9.63,393.3,mock_data,2,3,3,77.6,51.87,11.56,174.0,1.09,54.59,6.73,HLTH_MOCK
X14,2014,77.3,291.97,17.04,29.65,366.96,mock_data,2,3,3,75.3,51.12,35.58,291.97,2.8,10.57,18.33,HLTH_MOCK
X14,2015,80.1,260.93,17.2,17.83,145.17,mock_data,3,3,3,78.1,51.6,21.4,260.93,1.9,62.64,14.06,HLTH_MOCK
X14,2016,62.95,8.73,2.01,5.13,164.38,mock_data,1,1,1,60.95,6.029999999999999,6.16,8.73,2.03,30.62,16.88,HLTH_MOCK
X14,2017,79.81,299.26,15.55,32.89,181.48,mock_data,2,3,3,77.81,46.650000000000006,39.47,299.26,1.75,47.91,10.19,HLTH_MOCK
X14,2018,61.29,104.65,7.18,15.56,452.54,mock_data,1,3,2,59.29,21.54,18.67,104.65,1.96,61.58,12.14,HLTH_MOCK
X14,2019,76.76,149.77,8.21,1.02,447.21,mock_data,2,3,2,74.76,24.630000000000003,1.22,149.77,4.99,77.95,5.81,HLTH_MOCK
X14,2020,73.42,157.92,16.34,25.15,477.5,mock_data,2,3,3,71.42,49.02,30.18,157.92,1.73,47.89,13.54,HLTH_MOCK
X14,2021,70.59,178.05,4.82,8.29,490.94,mock_data,2,3,1,68.59,14.46,9.95,178.05,0.99,51.04,20.2,HLTH_MOCK
X14,2022,76.44,169.4,15.45,20.06,235.45,mock_data,2,3,3,74.44,46.35,24.07,169.4,0.84,47.87,17.96,HLTH_MOCK
X14,2023,76.19,258.93,15.41,15.52,193.96,mock_data,2,3,3,74.19,46.23,18.62,258.93,4.14,68.25,15.28,HLTH_MOCK
X15,2010,63.96,228.99,6.92,14.54,260.48,mock_data,1,3,2,61.96,20.76,17.45,228.99,1.57,68.38,20.31,HLTH_MOCK
X15,2011,62.43,97.75,8.93,24.62,438.05,mock_data,1,2,2,60.43,26.79,29.54,97.75,3.64,37.29,21.44,HLTH_MOCK
X15,2012,73.14,10.79,13.68,7.77,287.51,mock_data,2,1,3,71.14,41.04,9.32,10.79,1.31,34.32,17.9,HLTH_MOCK
X15,2013,63.12,115.73,11.65,34.85,453.22,mock_data,1,3,3,61.12,34.95,41.82,115.73,4.05,58.42,15.28,HLTH_MOCK
X15,2014,71.68,127.22,15.69,8.48,130.9,mock_data,2,3,3,69.68,47.07,10.18,127.22,2.6,57.99,12.31,HLTH_MOCK
X15,2015,70.1,117.5,9.78,23.31,282.84,mock_data,2,3,2,68.1,29.34,27.97,117.5,4.81,25.66,3.68,HLTH_MOCK
X15,2016,69.03,266.05,12.85,2.45,347.9,mock_data,1,3,3,67.03,38.55,2.94,266.05,2.7,74.92,20.63,HLTH_MOCK
X15,2017,62.65,182.49,11.09,37.75,242.21,mock_data,1,3,3,60.65,33.27,45.3,182.49,1.64,18.48,22.76,HLTH_MOCK
X15,2018,67.59,43.86,11.39,22.46,489.5,mock_data,1,2,3,65.59,34.17,26.95,43.86,1.8,32.26,15.67,HLTH_MOCK
X15,2019,70.71,228.32,4.79,14.07,158.79,mock_data,2,3,1,68.71,14.37,16.88,228.32,1.52,55.93,12.24,HLTH_MOCK
X15,2020,64.56,10.89,6.57,24.93,112.58,mock_data,1,1,2,62.56,19.71,29.92,10.89,3.61,35.42,10.59,HLTH_MOCK
X15,2021,69.59,115.68,17.38,31.7,216.93,mock_data,1,3,3,67.59,52.14,38.04,115.68,2.96,29.33,21.93,HLTH_MOCK
X15,2022,82.74,89.17,9.08,17.98,287.54,mock_data,3,2,2,80.74,27.24,21.58,89.17,1.13,42.26,9.88,HLTH_MOCK
X15,2023,67.94,4.19,11.29,34.08,124.11,mock_data,1,1,3,65.94,33.87,40.9,4.19,2.92,26.5,19.16,HLTH_MOCK
X16,2010,81.09,189.08,16.69,31.29,251.43,mock_data,3,3,3,79.09,50.07000000000001,37.55,189.08,1.11,11.98,9.16,HLTH_MOCK
X16,2011,63.74,249.8,14.95,26.73,460.57,mock_data,1,3,3,61.74,44.85,32.08,249.8,1.4,62.37,4.6,HLTH_MOCK
X16,2012,81.41,5.95,17.27,17.75,193.33,mock_data,3,1,3,79.41,51.81,21.3,5.95,1.3,11.24,16.41,HLTH_MOCK
X16,2013,74.5,50.78,6.74,29.74,288.64,mock_data,2,2,2,72.5,20.22,35.69,50.78,0.55,59.79,13.1,HLTH_MOCK
X16,2014,69.09,8.36,12.26,25.33,417.15,mock_data,1,1,3,67.09,36.78,30.4,8.36,2.52,73.8,6.66,HLTH_MOCK
X16,2015,68.86,236.4,16.44,31.42,392.58,mock_data,1,3,3,66.86,49.32000000000001,37.7,236.4,1.4,19.62,6.07,HLTH_MOCK
X16,2016,60.85,244.13,3.98,13.96,391.17,mock_data,1,3,1,58.85,11.94,16.75,244.13,4.29,41.55,20.38,HLTH_MOCK
X16,2017,63.93,157.59,11.08,6.73,431.6,mock_data,1,3,3,61.93,33.24,8.08,157.59,2.61,53.58,11.9,HLTH_MOCK
X16,2018,77.66,135.88,6.92,21.3,456.47,mock_data,2,3,2,75.66,20.76,25.56,135.88,0.63,65.18,9.85,HLTH_MOCK
X16,2019,73.1,170.53,7.61,23.26,199.97,mock_data,2,3,2,71.1,22.83,27.91,170.53,3.72,25.16,10.16,HLTH_MOCK
X16,2020,67.15,262.01,17.42,13.35,320.81,mock_data,1,3,3,65.15,52.260000000000005,16.02,262.01,1.24,25.74,20.16,HLTH_MOCK
X16,2021,74.99,241.03,12.67,19.19,285.56,mock_data,2,3,3,72.99,38.01,23.03,241.03,1.25,28.18,15.22,HLTH_MOCK
X16,2022,68.26,103.56,9.16,5.18,110.15,mock_data,1,3,2,66.26,27.48,6.22,103.56,4.65,58.5,17.55,HLTH_MOCK
X16,2023,73.17,195.45,7.6,38.96,234.92,mock_data,2,3,2,71.17,22.8,46.75,195.45,4.04,58.17,5.55,HLTH_MOCK
X17,2010,84.01,236.23,15.97,1.45,268.45,mock_data,3,3,3,82.01,47.91,1.74,236.23,4.3,35.21,20.8,HLTH_MOCK
X17,2011,73.22,168.89,17.54,9.52,127.8,mock_data,2,3,3,71.22,52.62,11.42,168.89,0.75,64.84,4.18,HLTH_MOCK
X17,2012,67.47,181.2,7.35,22.82,120.47,mock_data,1,3,2,65.47,22.05,27.38,181.2,0.99,74.5,18.84,HLTH_MOCK
X17,2013,74.28,274.8,8.39,17.28,316.9,mock_data,2,3,2,72.28,25.17,20.74,274.8,0.51,36.77,14.23,HLTH_MOCK
X17,2014,69.4,238.35,11.18,2.97,486.11,mock_data,1,3,3,67.4,33.54,3.56,238.35,2.01,35.06,3.45,HLTH_MOCK
X17,2015,81.52,201.07,7.12,17.98,366.59,mock_data,3,3,2,79.52,21.36,21.58,201.07,4.02,52.42,12.21,HLTH_MOCK
X17,2016,80.84,51.41,16.98,4.93,153.31,mock_data,3,2,3,78.84,50.94,5.92,51.41,3.83,51.94,12.07,HLTH_MOCK
X17,2017,65.75,30.16,13.74,19.78,384.12,mock_data,1,2,3,63.75,41.22,23.74,30.16,3.76,65.07,6.1,HLTH_MOCK
X17,2018,84.72,271.45,11.26,22.11,245.65,mock_data,3,3,3,82.72,33.78,26.53,271.45,1.28,39.5,23.37,HLTH_MOCK
X17,2019,77.71,164.43,10.71,25.89,436.39,mock_data,2,3,3,75.71,32.13,31.07,164.43,1.6,47.11,21.62,HLTH_MOCK
X17,2020,71.43,242.85,5.21,4.78,296.09,mock_data,2,3,2,69.43,15.63,5.74,242.85,4.73,47.18,13.38,HLTH_MOCK
X17,2021,74.88,55.34,6.54,31.6,362.63,mock_data,2,2,2,72.88,19.62,37.92,55.34,3.82,33.34,16.8,HLTH_MOCK
X17,2022,74.73,18.1,12.91,18.37,101.64,mock_data,2,1,3,72.73,38.73,22.04,18.1,4.36,70.82,6.49,HLTH_MOCK
X17,2023,74.36,249.75,17.49,9.89,328.55,mock_data,2,3,3,72.36,52.47,11.87,249.75,0.94,66.98,5.16,HLTH_MOCK
X18,2010,62.64,76.54,11.4,16.42,414.56,mock_data,1,2,3,60.64,34.2,19.7,76.54,1.31,68.4,10.99,HLTH_MOCK
X18,2011,73.88,177.64,9.09,37.96,395.58,mock_data,2,3,2,71.88,27.27,45.55,177.64,4.56,54.37,20.78,HLTH_MOCK
X18,2012,74.3,65.84,5.24,6.8,141.58,mock_data,2,2,2,72.3,15.72,8.16,65.84,4.66,14.6,15.23,HLTH_MOCK
X18,2013,69.75,231.97,2.19,14.45,220.05,mock_data,1,3,1,67.75,6.57,17.34,231.97,2.67,12.87,19.68,HLTH_MOCK
X18,2014,75.26,213.61,13.18,20.74,222.86,mock_data,2,3,3,73.26,39.54,24.89,213.61,2.36,43.07,8.58,HLTH_MOCK
X18,2015,76.85,279.83,13.78,16.67,463.86,mock_data,2,3,3,74.85,41.34,20.0,279.83,4.41,31.82,11.16,HLTH_MOCK
X18,2016,61.01,159.17,9.59,22.29,141.54,mock_data,1,3,2,59.01,28.77,26.75,159.17,0.87,61.11,13.27,HLTH_MOCK
X18,2017,61.57,241.22,10.23,17.42,433.4,mock_data,1,3,3,59.57,30.69,20.9,241.22,3.57,41.95,4.95,HLTH_MOCK
X18,2018,62.45,286.61,5.01,9.73,260.6,mock_data,1,3,2,60.45,15.03,11.68,286.61,2.72,43.14,16.69,HLTH_MOCK
X18,2019,64.93,251.98,8.06,33.87,236.05,mock_data,1,3,2,62.93000000000001,24.18,40.64,251.98,4.23,36.27,7.87,HLTH_MOCK
X18,2020,74.29,237.86,7.59,23.29,248.91,mock_data,2,3,2,72.29,22.77,27.95,237.86,4.8,43.39,20.54,HLTH_MOCK
X18,2021,67.02,173.85,14.3,30.01,226.93,mock_data,1,3,3,65.02,42.900000000000006,36.01,173.85,1.09,24.17,17.44,HLTH_MOCK
X18,2022,76.64,140.93,16.02,12.71,325.66,mock_data,2,3,3,74.64,48.06,15.25,140.93,3.67,67.05,15.83,HLTH_MOCK
X18,2023,69.47,234.9,11.19,21.02,142.73,mock_data,1,3,3,67.47,33.57,25.22,234.9,3.9,60.17,23.01,HLTH_MOCK
X19,2010,79.92,216.54,14.55,7.41,145.2,mock_data,2,3,3,77.92,43.650000000000006,8.89,216.54,4.35,28.61,8.4,HLTH_MOCK
X19,2011,82.32,244.65,9.4,13.43,210.5,mock_data,3,3,2,80.32,28.200000000000003,16.12,244.65,2.68,77.22,16.35,HLTH_MOCK
X19,2012,83.74,29.62,12.59,7.82,119.13,mock_data,3,2,3,81.74,37.77,9.38,29.62,1.11,31.15,8.7,HLTH_MOCK
X19,2013,66.82,34.98,14.89,29.42,317.23,mock_data,1,2,3,64.82,44.67,35.3,34.98,3.43,21.78,5.4,HLTH_MOCK
X19,2014,81.15,41.35,7.55,15.98,224.51,mock_data,3,2,2,79.15,22.65,19.18,41.35,1.24,30.79,7.93,HLTH_MOCK
X19,2015,84.2,250.54,8.06,10.61,360.56,mock_data,3,3,2,82.2,24.18,12.73,250.54,3.31,59.38,20.51,HLTH_MOCK
X19,2016,72.76,162.32,9.47,29.82,366.91,mock_data,2,3,2,70.76,28.410000000000004,35.78,162.32,4.07,13.26,13.61,HLTH_MOCK
X19,2017,63.3,105.68,2.47,2.74,304.36,mock_data,1,3,1,61.3,7.41,3.29,105.68,3.29,29.04,23.3,HLTH_MOCK
X19,2018,72.47,4.45,8.84,30.97,399.41,mock_data,2,1,2,70.47,26.52,37.16,4.45,2.63,55.95,13.05,HLTH_MOCK
X19,2019,63.69,284.47,3.4,19.52,327.93,mock_data,1,3,1,61.69,10.2,23.42,284.47,3.01,31.59,21.34,HLTH_MOCK
X19,2020,79.5,90.82,6.4,18.58,431.75,mock_data,2,2,2,77.5,19.200000000000003,22.3,90.82,4.36,38.29,21.6,HLTH_MOCK
X19,2021,73.6,80.77,6.52,9.74,290.13,mock_data,2,2,2,71.6,19.56,11.69,80.77,1.26,55.72,16.7,HLTH_MOCK
X19,2022,69.62,290.82,14.07,37.12,207.88,mock_data,1,3,3,67.62,42.21,44.54,290.82,0.61,50.45,16.89,HLTH_MOCK
X19,2023,68.97,290.96,16.86,3.43,395.36,mock_data,1,3,3,66.97,50.58,4.12,290.96,3.57,48.48,12.63,HLTH_MOCK
