country_code,year,co2_emissions,renewable_energy_usage,forest_area_pct,energy_use_kg_oil_pc,source,co2_emissions_filter,renewable_energy_usage_filter,energy_use_filter,total_co2_emissions,renewable_energy_percentage,deforestation_rate,average_deforestation_rate,water_usage,pm25,electric_power_kwh_pc,freshwater_withdrawal_pct,indicator_code
USA,2010,19.97,10.77,13.26,9093.08,mock_data,3,1,3,19970000.0,10.77,-1.35,-0.08,607.07,27.66,2911.08,47.93,ENV_MOCK
USA,2011,18.82,50.27,19.04,6547.53,mock_data,3,3,3,18820000.0,50.27,-0.75,-0.46,685.47,27.55,2138.44,73.66,ENV_MOCK
USA,2012,6.86,53.35,55.72,5726.74,mock_data,2,3,3,6860000.0,53.35,-0.65,-1.21,492.96,11.08,2717.05,78.94,ENV_MOCK
USA,2013,17.08,67.96,17.56,1541.91,mock_data,3,3,1,17080000.0,67.96,-1.24,-1.45,707.5,14.07,7566.86,3.18,ENV_MOCK
USA,2014,19.36,67.42,57.33,7369.74,mock_data,3,3,3,19360000.0,67.42,0.35,-0.37,480.54,14.92,1608.38,14.12,ENV_MOCK
USA,2015,19.36,19.2,37.14,606.55,mock_data,3,1,1,19360000.0,19.2,0.18,0.23,878.67,7.2,12112.21,21.08,ENV_MOCK
USA,2016,13.34,7.19,29.84,9968.23,mock_data,3,1,3,13340000.0,7.19,-1.78,-0.02,903.19,15.45,9880.45,54.01,ENV_MOCK
USA,2017,12.95,50.34,27.2,6685.6,mock_data,3,3,3,12950000.0,50.34,-0.85,0.03,783.84,22.09,9108.96,7.36,ENV_MOCK
USA,2018,7.25,65.51,15.01,5353.54,mock_data,2,3,3,7250000.0,65.51,0.87,0.27,355.89,25.32,4791.25,40.94,ENV_MOCK
USA,2019,17.68,31.16,37.77,9465.04,mock_data,3,2,3,17680000.0,31.16,-1.08,-0.28,489.11,27.52,12401.39,99.48,ENV_MOCK
USA,2020,9.12,52.27,30.21,6703.39,mock_data,2,3,3,9120000.0,52.27,-1.92,-0.63,218.64,26.24,2030.33,9.96,ENV_MOCK
USA,2021,3.27,78.29,69.28,2997.18,mock_data,1,3,2,3270000.0,78.29,-0.18,-1.44,674.85,8.84,12308.53,80.47,ENV_MOCK
USA,2022,1.04,71.6,18.86,819.44,mock_data,1,3,1,1040000.0,71.6,-1.56,0.04,836.98,30.71,9646.43,39.54,ENV_MOCK
USA,2023,13.34,19.53,26.24,1508.87,mock_data,3,1,1,13340000.0,19.53,-0.48,-1.34,809.65,8.68,6943.16,34.86,ENV_MOCK
GBR,2010,12.23,58.75,45.67,1626.61,mock_data,3,3,1,12230000.0,58.75,-0.31,-0.99,441.87,29.2,9841.79,86.95,ENV_MOCK
GBR,2011,16.7,7.1,58.53,3183.81,mock_data,3,1,2,16700000.0,7.1,-0.2,-0.58,821.15,18.99,4356.37,29.27,ENV_MOCK
GBR,2012,12.25,16.41,22.1,8014.57,mock_data,3,1,3,12250000.0,16.41,0.97,-0.52,917.32,34.36,5713.74,54.59,ENV_MOCK
GBR,2013,16.06,5.3,38.62,6154.2,mock_data,3,1,3,16059999.999999998,5.3,0.55,-1.02,415.75,46.37,11038.43,52.26,ENV_MOCK
GBR,2014,13.23,75.24,18.69,3698.66,mock_data,3,3,2,13230000.0,75.24,-0.84,-0.33,695.48,28.32,2453.15,7.01,ENV_MOCK
GBR,2015,19.64,62.79,62.07,7641.81,mock_data,3,3,3,19640000.0,62.79,-0.63,-1.08,653.08,50.69,10322.48,50.59,ENV_MOCK
GBR,2016,5.52,32.04,68.17,5655.96,mock_data,2,2,3,5520000.0,32.04,0.99,-1.45,184.27,39.83,810.48,91.87,ENV_MOCK
GBR,2017,6.99,21.76,12.66,5979.86,mock_data,2,2,3,6990000.0,21.76,0.66,-0.78,502.23,53.59,12901.03,11.22,ENV_MOCK
GBR,2018,3.79,76.69,45.04,1767.24,mock_data,1,3,1,3790000.0,76.69,-0.35,0.44,260.71,9.89,6637.32,3.27,ENV_MOCK
GBR,2019,17.13,53.64,16.0,1602.47,mock_data,3,3,1,17130000.0,53.64,-0.2,-0.58,658.55,5.78,13361.86,59.95,ENV_MOCK
GBR,2020,4.66,50.25,46.9,7452.33,mock_data,1,3,3,4660000.0,50.25,-1.78,0.11,779.21,48.86,5426.73,60.43,ENV_MOCK
GBR,2021,4.95,12.24,69.5,6618.25,mock_data,1,1,3,4950000.0,12.24,0.65,-0.06,787.42,12.72,1545.35,92.33,ENV_MOCK
GBR,2022,15.97,19.77,39.16,2253.41,mock_data,3,1,2,15970000.0,19.77,-1.31,-0.49,670.9,11.09,13031.38,96.17,ENV_MOCK
GBR,2023,12.51,70.44,26.47,6754.49,mock_data,3,3,3,12510000.0,70.44,0.75,-0.05,624.39,18.54,6431.53,98.59,ENV_MOCK
DEU,2010,19.36,61.39,32.09,7349.49,mock_data,3,3,3,19360000.0,61.39,0.98,-0.95,633.09,37.45,13498.92,13.79,ENV_MOCK
DEU,2011,2.59,70.11,32.46,6652.32,mock_data,1,3,3,2590000.0,70.11,-0.18,-0.5,989.29,57.83,11272.35,1.95,ENV_MOCK
DEU,2012,2.67,61.03,44.72,2821.51,mock_data,1,3,2,2670000.0,61.03,-0.87,-1.09,384.2,43.07,4326.11,50.97,ENV_MOCK
DEU,2013,12.15,11.74,47.0,3995.13,mock_data,3,1,2,12150000.0,11.74,-1.55,0.01,289.08,17.24,13389.89,6.34,ENV_MOCK
DEU,2014,8.58,49.44,40.97,9792.19,mock_data,2,2,3,8580000.0,49.44,-1.97,-0.24,439.66,18.36,9890.22,43.65,ENV_MOCK
DEU,2015,9.75,58.41,12.64,8726.9,mock_data,2,3,3,9750000.0,58.41,0.84,-0.35,974.3,46.98,11582.08,74.54,ENV_MOCK
DEU,2016,7.44,38.09,10.55,7252.44,mock_data,2,2,3,7440000.0,38.09,-0.84,-0.93,477.01,12.03,9219.31,70.9,ENV_MOCK
DEU,2017,5.74,66.6,44.83,1546.2,mock_data,2,3,1,5740000.0,66.6,-1.63,-0.52,186.68,40.35,5935.13,19.74,ENV_MOCK
DEU,2018,2.81,28.27,48.75,4065.31,mock_data,1,2,2,2810000.0,28.27,-0.15,-0.58,195.15,56.73,14604.67,20.19,ENV_MOCK
DEU,2019,6.16,5.79,26.54,6621.88,mock_data,2,1,3,6160000.0,5.79,-0.31,-1.12,127.0,34.11,8776.47,43.6,ENV_MOCK
DEU,2020,3.4,12.85,25.76,8061.69,mock_data,1,1,3,3400000.0,12.85,-0.84,-0.52,495.43,52.96,11550.8,55.38,ENV_MOCK
DEU,2021,17.15,78.69,69.86,2985.94,mock_data,3,3,2,17150000.0,78.69,0.09,-1.41,966.04,17.7,10079.82,71.56,ENV_MOCK
DEU,2022,5.01,32.58,14.37,4809.88,mock_data,2,2,2,5010000.0,32.58,-0.12,-1.17,571.84,51.78,4413.72,68.26,ENV_MOCK
DEU,2023,14.11,40.52,57.34,2847.21,mock_data,3,2,2,14110000.0,40.52,-0.9,0.42,722.84,18.46,13966.76,93.48,ENV_MOCK
JPN,2010,8.27,15.49,15.29,6162.67,mock_data,2,1,3,8270000.0,15.49,-1.01,-1.16,845.62,26.95,6639.33,90.67,ENV_MOCK
JPN,2011,0.58,67.69,18.07,3930.09,mock_data,1,3,2,580000.0,67.69,0.53,-0.92,308.26,14.45,9799.29,78.3,ENV_MOCK
JPN,2012,18.73,48.12,68.57,8873.98,mock_data,3,2,3,18730000.0,48.12,0.76,-0.4,180.82,10.02,9667.29,76.21,ENV_MOCK
JPN,2013,4.93,14.56,29.29,5289.74,mock_data,1,1,3,4930000.0,14.56,-0.4,-0.51,810.98,22.65,3652.61,69.36,ENV_MOCK
JPN,2014,14.46,70.23,36.74,9502.72,mock_data,3,3,3,14460000.0,70.23,0.67,0.09,391.32,25.94,6482.22,66.74,ENV_MOCK
JPN,2015,2.4,47.04,20.14,8157.87,mock_data,1,2,3,2400000.0,47.04,-0.7,-0.93,496.0,32.14,10014.98,46.91,ENV_MOCK
JPN,2016,9.02,58.38,10.61,3737.64,mock_data,2,3,2,9020000.0,58.38,0.89,-0.79,855.99,50.6,13824.46,2.18,ENV_MOCK
JPN,2017,2.46,57.64,69.39,7576.54,mock_data,1,3,3,2460000.0,57.64,-1.33,-0.34,689.51,19.52,5193.49,62.44,ENV_MOCK
JPN,2018,16.87,38.58,58.59,5022.27,mock_data,3,2,3,16870000.0,38.58,-1.9,-0.64,251.55,21.41,7541.03,60.72,ENV_MOCK
JPN,2019,5.3,73.55,17.58,8032.91,mock_data,2,3,3,5300000.0,73.55,-0.16,-0.0,943.7,30.94,3409.78,99.4,ENV_MOCK
JPN,2020,9.89,60.4,29.38,1708.69,mock_data,2,3,1,9890000.0,60.4,-0.82,-0.83,512.16,27.31,12660.13,92.87,ENV_MOCK
JPN,2021,1.54,67.23,59.23,2033.98,mock_data,1,3,2,1540000.0,67.23,-0.5,-0.94,499.47,42.34,14082.46,78.07,ENV_MOCK
JPN,2022,7.53,22.93,59.17,8438.92,mock_data,2,2,3,7530000.0,22.93,-0.38,-1.23,608.45,45.37,1300.18,56.47,ENV_MOCK
JPN,2023,5.61,53.19,22.67,7515.53,mock_data,2,3,3,5610000.0,53.19,0.96,-0.01,760.37,59.65,9485.69,40.04,ENV_MOCK
CHN,2010,16.07,78.74,16.3,6768.96,mock_data,3,3,3,16070000.0,78.74,-1.56,-0.41,308.71,38.42,13656.94,96.99,ENV_MOCK
CHN,2011,10.4,65.23,36.4,1162.38,mock_data,3,3,1,10400000.0,65.23,-1.34,-0.21,984.95,54.76,10481.47,91.29,ENV_MOCK
CHN,2012,18.03,45.06,31.31,7970.45,mock_data,3,2,3,18030000.0,45.06,-1.61,-0.53,961.56,53.77,5369.65,11.29,ENV_MOCK
CHN,2013,19.83,49.19,61.64,5818.34,mock_data,3,2,3,19830000.0,49.19,0.72,-0.15,723.65,40.46,1885.82,14.7,ENV_MOCK
CHN,2014,8.0,11.07,56.55,3135.51,mock_data,2,1,2,8000000.0,11.07,-1.9,-1.29,284.28,43.52,1865.45,92.3,ENV_MOCK
CHN,2015,8.3,74.73,26.19,3276.69,mock_data,2,3,2,8300000.000000001,74.73,0.95,0.3,733.59,12.83,10846.14,35.61,ENV_MOCK
CHN,2016,13.95,53.34,18.78,9285.37,mock_data,3,3,3,13950000.0,53.34,-1.91,-1.47,786.9,11.49,9747.06,34.57,ENV_MOCK
CHN,2017,6.62,48.44,50.96,2757.86,mock_data,2,2,2,6620000.0,48.44,-1.37,-0.67,450.33,16.25,5456.94,68.05,ENV_MOCK
CHN,2018,2.79,40.85,38.43,8437.61,mock_data,1,2,3,2790000.0,40.85,-1.76,-0.84,631.26,59.77,5881.43,94.06,ENV_MOCK
CHN,2019,14.46,74.81,63.52,6294.57,mock_data,3,3,3,14460000.0,74.81,-1.34,-0.56,458.41,57.15,6862.21,78.37,ENV_MOCK
CHN,2020,10.94,11.44,12.3,4195.29,mock_data,3,1,2,10940000.0,11.44,-0.66,-1.13,505.69,7.25,2011.67,95.07,ENV_MOCK
CHN,2021,17.48,70.08,29.43,3383.35,mock_data,3,3,2,17480000.0,70.08,-1.32,-0.6,103.9,8.31,13465.39,60.88,ENV_MOCK
CHN,2022,3.95,55.99,44.86,6510.08,mock_data,1,3,3,3950000.0,55.99,-1.47,-0.4,317.2,16.36,10227.72,80.9,ENV_MOCK
CHN,2023,4.91,37.55,67.65,7438.78,mock_data,1,2,3,4910000.0,37.55,-1.94,-1.46,358.74,29.52,6102.44,81.61,ENV_MOCK
FRA,2010,8.36,68.33,54.1,4792.95,mock_data,2,3,2,8359999.999999999,68.33,-0.24,-0.3,812.57,53.8,2484.14,67.33,ENV_MOCK
FRA,2011,14.19,12.92,43.54,521.67,mock_data,3,1,1,14190000.0,12.92,0.99,-0.1,737.0,6.25,1641.29,34.03,ENV_MOCK
FRA,2012,10.04,54.33,29.77,6973.11,mock_data,3,3,3,10040000.0,54.33,-1.33,-0.75,466.13,36.89,6615.44,27.81,ENV_MOCK
FRA,2013,14.38,66.83,45.67,4954.56,mock_data,3,3,2,14380000.0,66.83,-1.41,-0.61,470.56,42.55,5800.81,58.05,ENV_MOCK
FRA,2014,5.07,75.4,24.94,8855.88,mock_data,2,3,3,5070000.0,75.4,-1.07,-0.42,140.98,13.45,7682.9,88.14,ENV_MOCK
FRA,2015,13.1,21.58,34.81,8424.43,mock_data,3,2,3,13100000.0,21.58,-1.56,-1.28,910.24,31.53,4677.2,71.07,ENV_MOCK
FRA,2016,3.51,64.08,14.96,966.73,mock_data,1,3,1,3510000.0,64.08,-1.8,0.41,675.76,39.43,6352.93,45.95,ENV_MOCK
FRA,2017,17.42,8.84,43.08,1394.26,mock_data,3,1,1,17420000.0,8.84,-0.17,-0.03,210.62,19.33,11252.09,23.57,ENV_MOCK
FRA,2018,19.66,14.52,55.05,8696.1,mock_data,3,1,3,19660000.0,14.52,0.72,-0.0,897.13,9.87,13503.18,38.05,ENV_MOCK
FRA,2019,7.49,55.9,52.06,7728.66,mock_data,2,3,3,7490000.0,55.9,-0.17,-1.15,110.67,16.14,2735.21,42.39,ENV_MOCK
FRA,2020,11.26,78.56,31.24,1613.68,mock_data,3,3,1,11260000.0,78.56,-0.94,-0.65,558.09,13.88,9903.32,77.22,ENV_MOCK
FRA,2021,1.82,24.58,39.37,6637.53,mock_data,1,2,3,1820000.0,24.58,0.81,-0.87,107.67,27.41,2726.39,38.2,ENV_MOCK
FRA,2022,1.72,18.84,61.52,7102.43,mock_data,1,1,3,1720000.0,18.84,0.68,-0.83,140.81,32.66,14866.31,19.7,ENV_MOCK
FRA,2023,7.32,76.38,20.72,3856.13,mock_data,2,3,2,7320000.0,76.38,-0.77,-0.11,635.13,54.13,7653.42,45.59,ENV_MOCK
IND,2010,3.37,71.83,29.77,7134.65,mock_data,1,3,3,3370000.0,71.83,-1.59,-0.57,994.68,5.15,2455.44,7.08,ENV_MOCK
IND,2011,12.29,48.92,62.97,9302.47,mock_data,3,2,3,12290000.0,48.92,0.08,0.33,430.79,29.19,11436.28,99.56,ENV_MOCK
IND,2012,7.66,58.99,19.52,2805.6,mock_data,2,3,2,7660000.0,58.99,-0.96,-0.9,855.13,56.84,8012.65,65.33,ENV_MOCK
IND,2013,13.14,34.41,25.17,7259.94,mock_data,3,2,3,13140000.0,34.41,-1.97,-1.18,332.79,32.42,4928.99,28.25,ENV_MOCK
IND,2014,12.94,55.21,21.17,9576.11,mock_data,3,3,3,12940000.0,55.21,0.83,-1.23,950.8,25.07,8331.43,80.42,ENV_MOCK
IND,2015,7.73,5.98,58.35,2402.32,mock_data,2,1,2,7730000.0,5.98,0.67,-0.45,672.46,57.24,4465.26,35.45,ENV_MOCK
IND,2016,11.99,23.57,32.78,7653.08,mock_data,3,2,3,11990000.0,23.57,-0.8,-0.78,571.93,47.25,6832.93,35.92,ENV_MOCK
IND,2017,16.54,62.19,69.85,8726.11,mock_data,3,3,3,16540000.0,62.19,-1.72,0.12,741.98,54.21,12005.55,78.73,ENV_MOCK
IND,2018,18.71,16.21,14.08,9939.3,mock_data,3,1,3,18710000.0,16.21,-0.1,0.12,152.63,35.0,1775.11,16.57,ENV_MOCK
IND,2019,19.04,44.63,27.24,8209.75,mock_data,3,2,3,19040000.0,44.63,-0.39,-0.57,132.29,30.63,9927.53,20.94,ENV_MOCK
IND,2020,14.86,48.64,20.44,2799.72,mock_data,3,2,2,14860000.0,48.64,0.59,-1.22,367.69,29.4,13208.79,53.27,ENV_MOCK
IND,2021,19.58,70.35,15.65,7411.54,mock_data,3,3,3,19580000.0,70.35,0.94,0.1,999.26,42.43,7471.12,73.69,ENV_MOCK
IND,2022,2.43,16.94,23.93,4316.36,mock_data,1,1,2,2430000.0,16.94,0.9,0.43,454.07,47.18,12768.86,41.71,ENV_MOCK
IND,2023,7.67,25.14,26.87,983.51,mock_data,2,2,1,7670000.0,25.14,-1.51,-1.42,816.33,37.61,1343.27,24.72,ENV_MOCK
AUS,2010,6.99,66.28,67.38,5074.49,mock_data,2,3,3,6990000.0,66.28,0.91,0.42,100.72,40.02,1442.36,66.54,ENV_MOCK
AUS,2011,19.69,37.33,52.67,9939.42,mock_data,3,2,3,19690000.0,37.33,0.41,-1.38,595.68,14.51,13234.92,60.85,ENV_MOCK
AUS,2012,4.0,45.55,65.89,1933.21,mock_data,1,2,1,4000000.0,45.55,-0.73,-1.22,443.29,41.52,14865.22,23.08,ENV_MOCK
AUS,2013,17.98,38.74,27.49,7113.06,mock_data,3,2,3,17980000.0,38.74,0.82,-0.12,480.64,49.28,9868.08,85.66,ENV_MOCK
AUS,2014,10.44,35.54,24.36,1241.44,mock_data,3,2,1,10440000.0,35.54,-1.26,0.24,131.96,17.96,7040.92,73.53,ENV_MOCK
AUS,2015,7.89,42.95,50.73,3382.23,mock_data,2,2,2,7890000.0,42.95,-0.77,0.17,929.23,58.56,13022.3,55.53,ENV_MOCK
AUS,2016,0.72,51.21,55.06,7339.48,mock_data,1,3,3,720000.0,51.21,-0.99,-0.53,589.78,19.48,7427.57,85.65,ENV_MOCK
AUS,2017,8.13,34.06,29.81,7788.22,mock_data,2,2,3,8130000.000000001,34.06,0.14,-0.83,355.8,45.61,4922.03,42.93,ENV_MOCK
AUS,2018,17.7,33.58,20.56,7122.99,mock_data,3,2,3,17700000.0,33.58,-1.54,0.19,477.71,42.19,3450.15,22.68,ENV_MOCK
AUS,2019,14.76,54.65,27.1,8075.63,mock_data,3,3,3,14760000.0,54.65,-0.69,-1.11,879.11,9.23,5411.86,29.57,ENV_MOCK
AUS,2020,11.17,58.52,15.51,3547.5,mock_data,3,3,2,11170000.0,58.52,-0.64,0.1,963.84,5.96,1350.52,77.25,ENV_MOCK
AUS,2021,5.73,39.5,54.1,6438.18,mock_data,2,2,3,5730000.0,39.5,-1.22,-0.1,347.38,38.84,14179.92,94.17,ENV_MOCK
AUS,2022,17.93,79.26,14.16,501.5,mock_data,3,3,1,17930000.0,79.26,0.74,-1.08,809.31,39.4,5415.57,85.11,ENV_MOCK
AUS,2023,17.46,5.68,50.05,6703.28,mock_data,3,1,3,17460000.0,5.68,-1.81,-0.92,372.61,10.2,14704.15,41.83,ENV_MOCK
BRA,2010,15.07,9.13,28.25,8385.56,mock_data,3,1,3,15070000.0,9.13,0.24,-1.3,454.1,20.66,10090.08,22.48,ENV_MOCK
BRA,2011,0.5,58.26,34.99,7682.97,mock_data,1,3,3,500000.0,58.26,0.55,-0.06,242.98,45.13,2925.48,3.87,ENV_MOCK
BRA,2012,13.28,39.25,33.93,5208.21,mock_data,3,2,3,13280000.0,39.25,-0.75,0.43,385.64,24.33,10390.78,96.71,ENV_MOCK
BRA,2013,18.15,18.27,62.76,4827.98,mock_data,3,1,2,18150000.0,18.27,-0.43,0.0,653.93,44.46,9890.32,17.04,ENV_MOCK
BRA,2014,16.83,18.56,67.9,9208.9,mock_data,3,1,3,16830000.0,18.56,-1.75,0.03,533.0,48.02,4537.56,95.05,ENV_MOCK
BRA,2015,13.98,48.79,12.07,767.71,mock_data,3,2,1,13980000.0,48.79,-0.94,-0.88,344.68,37.6,8597.25,11.31,ENV_MOCK
BRA,2016,5.0,9.32,44.36,2756.58,mock_data,1,1,2,5000000.0,9.32,-1.81,-0.56,357.56,12.34,10985.81,12.24,ENV_MOCK
BRA,2017,9.28,36.07,12.38,6433.0,mock_data,2,2,3,9280000.0,36.07,0.89,-0.66,740.65,30.73,12478.69,18.88,ENV_MOCK
BRA,2018,17.89,13.22,23.69,5178.69,mock_data,3,1,3,17890000.0,13.22,-0.49,-0.63,245.0,38.16,3778.4,33.68,ENV_MOCK
BRA,2019,16.47,34.27,48.31,602.35,mock_data,3,2,1,16469999.999999998,34.27,-1.09,0.27,455.54,57.59,675.18,22.05,ENV_MOCK
BRA,2020,9.26,33.0,53.97,9624.25,mock_data,2,2,3,9260000.0,33.0,0.98,0.02,697.22,36.21,12156.18,43.36,ENV_MOCK
BRA,2021,12.77,39.15,39.22,3605.65,mock_data,3,2,2,12770000.0,39.15,0.39,0.44,942.25,58.45,13083.68,47.15,ENV_MOCK
BRA,2022,1.46,28.71,53.49,2476.78,mock_data,1,2,2,1460000.0,28.71,0.48,-0.84,522.16,39.85,7901.34,37.95,ENV_MOCK
BRA,2023,10.3,29.15,16.77,3660.08,mock_data,3,2,2,10300000.0,29.15,-0.94,-0.72,253.75,46.58,12919.13,63.62,ENV_MOCK
CAN,2010,7.26,44.99,58.81,9031.31,mock_data,2,2,3,7260000.0,44.99,-1.29,-0.97,890.36,21.52,11067.04,27.4,ENV_MOCK
CAN,2011,13.47,37.42,63.87,6714.87,mock_data,3,2,3,13470000.0,37.42,-0.47,-0.51,773.75,11.27,14838.36,59.25,ENV_MOCK
CAN,2012,10.83,29.9,24.73,4596.33,mock_data,3,2,2,10830000.0,29.9,0.8,-0.96,218.38,41.48,13637.83,15.12,ENV_MOCK
CAN,2013,10.11,26.83,18.49,7928.75,mock_data,3,2,3,10110000.0,26.83,-0.89,-0.35,735.41,18.6,14844.27,5.53,ENV_MOCK
CAN,2014,2.64,49.66,44.37,633.72,mock_data,1,2,1,2640000.0,49.66,0.15,-1.37,117.72,14.95,12922.49,35.93,ENV_MOCK
CAN,2015,16.49,50.69,51.16,9491.6,mock_data,3,3,3,16489999.999999998,50.69,-1.05,-1.46,138.68,14.55,12311.21,62.61,ENV_MOCK
CAN,2016,11.34,33.7,66.05,2053.45,mock_data,3,2,2,11340000.0,33.7,-0.83,0.4,472.42,15.0,10797.47,62.6,ENV_MOCK
CAN,2017,13.79,31.57,57.02,9444.12,mock_data,3,2,3,13790000.0,31.57,-0.49,-0.81,195.05,43.7,9531.74,2.2,ENV_MOCK
CAN,2018,18.61,59.77,61.58,1841.25,mock_data,3,3,1,18610000.0,59.77,-1.18,0.28,556.41,57.14,3143.09,93.1,ENV_MOCK
CAN,2019,17.14,6.43,52.6,2275.17,mock_data,3,1,2,17140000.0,6.43,-1.31,-0.26,153.23,37.98,13419.72,88.78,ENV_MOCK
CAN,2020,19.29,62.04,55.37,9320.59,mock_data,3,3,3,19290000.0,62.04,-1.39,-0.37,367.67,26.12,13729.47,4.03,ENV_MOCK
CAN,2021,1.21,14.54,61.82,2071.24,mock_data,1,1,2,1210000.0,14.54,-0.02,-0.02,609.55,8.71,14547.38,94.93,ENV_MOCK
CAN,2022,13.95,8.64,13.81,7570.25,mock_data,3,1,3,13950000.0,8.64,-0.51,-0.26,795.71,57.61,6250.09,59.63,ENV_MOCK
CAN,2023,13.92,72.21,65.25,8781.26,mock_data,3,3,3,13920000.0,72.21,-1.25,-0.78,297.34,52.41,7114.15,40.06,ENV_MOCK
ZAF,2010,11.9,33.59,57.14,9840.55,mock_data,3,2,3,11900000.0,33.59,-0.24,0.09,573.24,24.23,2589.05,80.85,ENV_MOCK
ZAF,2011,3.35,78.34,59.58,7307.27,mock_data,1,3,3,3350000.0,78.34,-0.38,-0.9,837.49,42.86,10459.77,99.58,ENV_MOCK
ZAF,2012,15.54,79.48,64.87,9949.08,mock_data,3,3,3,15540000.0,79.48,0.21,0.39,899.02,52.23,3945.45,88.73,ENV_MOCK
ZAF,2013,8.36,55.47,35.62,1276.56,mock_data,2,3,1,8359999.999999999,55.47,-1.64,-1.05,816.57,42.76,1198.24,78.09,ENV_MOCK
ZAF,2014,1.61,39.38,31.19,5235.99,mock_data,1,2,3,1610000.0,39.38,0.69,-0.19,637.83,42.0,649.93,48.65,ENV_MOCK
ZAF,2015,3.42,54.72,67.63,2190.03,mock_data,1,3,2,3420000.0,54.72,-1.42,0.34,803.66,55.9,9012.17,40.68,ENV_MOCK
ZAF,2016,5.54,74.79,35.64,8725.38,mock_data,2,3,3,5540000.0,74.79,-1.23,-0.28,885.54,13.11,8003.43,46.33,ENV_MOCK
ZAF,2017,11.66,9.2,18.37,2209.69,mock_data,3,1,2,11660000.0,9.2,0.75,-0.67,661.98,50.64,1530.76,78.35,ENV_MOCK
ZAF,2018,1.93,31.46,58.65,3102.7,mock_data,1,2,2,1930000.0,31.46,-0.1,-1.16,305.27,16.74,7318.21,6.14,ENV_MOCK
ZAF,2019,9.08,8.53,20.1,2058.43,mock_data,2,1,2,9080000.0,8.53,-0.69,-1.27,661.78,53.67,7373.74,56.74,ENV_MOCK
ZAF,2020,14.83,56.66,41.86,6927.92,mock_data,3,3,3,14830000.0,56.66,0.85,-0.62,366.25,18.91,9092.58,86.19,ENV_MOCK
ZAF,2021,2.84,21.74,44.05,6426.68,mock_data,1,2,3,2840000.0,21.74,0.86,-0.06,972.2,5.15,9296.79,65.16,ENV_MOCK
ZAF,2022,3.41,38.15,23.43,4789.36,mock_data,1,2,2,3410000.0,38.15,0.77,-1.41,568.9,40.58,12641.29,36.32,ENV_MOCK
ZAF,2023,1.1,53.97,53.51,5025.7,mock_data,1,3,3,1100000.0,53.97,-0.72,-0.07,409.78,47.15,11596.02,12.81,ENV_MOCK
X11,2010,16.29,73.7,67.11,5544.46,mock_data,3,3,3,16290000.0,73.7,-1.94,-1.27,257.59,25.69,11508.17,2.43,ENV_MOCK
X11,2011,14.14,16.13,50.98,1639.53,mock_data,3,1,1,14140000.0,16.13,0.36,-0.13,418.77,49.31,6900.63,90.56,ENV_MOCK
X11,2012,18.51,49.39,60.56,2370.69,mock_data,3,2,2,18510000.0,49.39,0.43,-1.45,490.14,39.15,11023.99,75.75,ENV_MOCK
X11,2013,7.43,72.64,50.41,552.81,mock_data,2,3,1,7430000.0,72.64,-0.83,-1.09,172.59,13.57,11834.42,6.47,ENV_MOCK
X11,2014,7.7,20.57,60.66,6640.02,mock_data,2,2,3,7700000.0,20.57,-1.44,-1.1,604.8,13.3,3446.41,52.27,ENV_MOCK
X11,2015,2.42,8.33,55.32,6755.18,mock_data,1,1,3,2420000.0,8.33,-1.94,-1.09,812.02,47.79,8619.84,91.68,ENV_MOCK
X11,2016,3.64,5.4,61.49,4748.3,mock_data,1,1,2,3640000.0,5.4,0.74,-0.75,628.09,44.14,6558.66,80.19,ENV_MOCK
X11,2017,8.96,18.68,39.27,8357.54,mock_data,2,1,3,8960000.0,18.68,-1.49,0.15,314.73,44.63,4909.92,71.53,ENV_MOCK
X11,2018,6.99,58.89,17.65,4024.57,mock_data,2,3,2,6990000.0,58.89,-0.23,0.06,940.33,32.91,5901.25,93.67,ENV_MOCK
X11,2019,15.93,79.93,16.77,4955.66,mock_data,3,3,2,15930000.0,79.93,-0.14,-0.09,848.22,39.78,14032.57,14.41,ENV_MOCK
X11,2020,15.01,24.85,23.67,9725.6,mock_data,3,2,3,15010000.0,24.85,-0.85,-0.1,903.22,20.33,12880.94,62.93,ENV_MOCK
X11,2021,11.11,66.42,11.29,2584.87,mock_data,3,3,2,11110000.0,66.42,-0.74,-0.64,864.35,37.07,14966.35,11.05,ENV_MOCK
X11,2022,1.21,28.89,67.1,3348.1,mock_data,1,2,2,1210000.0,28.89,0.69,-0.94,974.04,48.7,1647.75,69.25,ENV_MOCK
X11,2023,10.68,12.9,44.86,8854.08,mock_data,3,1,3,10680000.0,12.9,0.84,-0.28,644.0,36.83,14637.59,81.44,ENV_MOCK
X12,2010,1.03,23.25,39.95,4979.01,mock_data,1,2,2,1030000.0,23.25,-0.64,-0.75,650.03,7.77,4888.4,13.93,ENV_MOCK
X12,2011,10.14,56.38,20.72,1783.61,mock_data,3,3,1,10140000.0,56.38,-1.41,-0.71,296.87,59.44,10115.11,78.78,ENV_MOCK
X12,2012,6.23,50.24,35.88,3034.17,mock_data,2,3,2,6230000.0,50.24,-1.91,-0.74,534.63,36.14,14413.66,34.37,ENV_MOCK
X12,2013,16.82,39.61,29.13,5765.0,mock_data,3,2,3,16820000.0,39.61,-0.78,-0.34,679.77,22.64,10118.29,35.25,ENV_MOCK
X12,2014,17.61,18.99,22.27,2172.67,mock_data,3,1,2,17610000.0,18.99,-0.08,-1.44,827.87,53.36,10824.44,14.16,ENV_MOCK
X12,2015,1.99,36.61,24.58,4667.76,mock_data,1,2,2,1990000.0,36.61,0.3,-1.42,810.11,13.9,11522.57,98.59,ENV_MOCK
X12,2016,1.19,17.2,10.13,4807.31,mock_data,1,1,2,1190000.0,17.2,0.54,-1.07,770.03,19.52,10184.31,8.69,ENV_MOCK
X12,2017,15.14,75.18,50.21,6545.98,mock_data,3,3,3,15140000.0,75.18,0.48,0.43,508.72,5.61,11558.71,36.71,ENV_MOCK
X12,2018,13.29,18.06,35.63,8647.61,mock_data,3,1,3,13290000.0,18.06,-0.18,-0.61,684.12,5.03,5305.07,7.55,ENV_MOCK
X12,2019,17.66,8.26,51.5,8525.63,mock_data,3,1,3,17660000.0,8.26,-1.61,-1.4,554.04,6.7,2249.73,61.84,ENV_MOCK
X12,2020,11.23,20.16,30.07,7476.66,mock_data,3,2,3,11230000.0,20.16,0.4,-1.14,267.38,10.67,9305.7,21.02,ENV_MOCK
X12,2021,0.56,72.49,13.5,6768.64,mock_data,1,3,3,560000.0,72.49,-0.45,-1.31,424.64,45.05,5338.58,5.41,ENV_MOCK
X12,2022,18.98,70.12,38.57,5419.91,mock_data,3,3,3,18980000.0,70.12,-0.74,-1.29,912.22,56.27,7639.67,39.33,ENV_MOCK
X12,2023,15.71,27.24,62.66,2227.25,mock_data,3,2,2,15710000.0,27.24,0.62,0.36,816.04,8.37,7208.9,52.42,ENV_MOCK
X13,2010,3.12,71.29,10.14,2260.54,mock_data,1,3,2,3120000.0,71.29,0.83,-1.44,330.66,28.0,11822.06,97.55,ENV_MOCK
X13,2011,13.8,42.68,43.6,1885.3,mock_data,3,2,1,13800000.0,42.68,-0.19,-1.24,243.32,37.89,9159.38,97.7,ENV_MOCK
X13,2012,18.52,79.71,11.71,7242.35,mock_data,3,3,3,18520000.0,79.71,0.43,-1.47,703.11,46.99,2287.18,63.0,ENV_MOCK
X13,2013,15.2,68.73,61.8,8948.28,mock_data,3,3,3,15200000.0,68.73,-0.64,-1.13,209.04,5.58,13887.3,33.78,ENV_MOCK
X13,2014,7.2,38.1,68.0,2691.21,mock_data,2,2,2,7200000.0,38.1,-1.0,-0.7,833.94,29.49,12531.66,55.53,ENV_MOCK
X13,2015,7.33,78.45,54.51,3114.13,mock_data,2,3,2,7330000.0,78.45,0.15,-1.08,403.35,31.52,8557.4,20.51,ENV_MOCK
X13,2016,13.5,26.02,57.98,9865.95,mock_data,3,2,3,13500000.0,26.02,-1.02,-1.1,600.54,41.47,1643.0,44.77,ENV_MOCK
X13,2017,16.09,42.38,45.05,7538.17,mock_data,3,2,3,16090000.0,42.38,-0.29,0.45,822.78,27.27,6899.86,42.27,ENV_MOCK
X13,2018,14.4,5.55,56.5,5773.87,mock_data,3,1,3,14400000.0,5.55,-1.38,-0.84,551.18,54.9,10659.29,20.58,ENV_MOCK
X13,2019,10.3,8.68,50.68,5106.67,mock_data,3,1,3,10300000.0,8.68,-1.09,-0.7,868.47,46.22,1707.43,57.44,ENV_MOCK
X13,2020,16.37,60.31,40.26,7753.71,mock_data,3,3,3,16370000.000000002,60.31,-0.43,0.01,673.0,6.42,5498.62,49.07,ENV_MOCK
X13,2021,15.4,32.1,28.62,6164.04,mock_data,3,2,3,15400000.0,32.1,-0.67,-0.29,990.82,14.98,3880.47,84.25,ENV_MOCK
X13,2022,16.03,18.34,15.25,7336.32,mock_data,3,1,3,16030000.000000002,18.34,-0.89,-0.83,349.9,24.75,9813.74,14.35,ENV_MOCK
X13,2023,8.77,30.24,62.63,2188.14,mock_data,2,2,2,8770000.0,30.24,-1.26,-0.89,154.15,17.63,7032.94,29.64,ENV_MOCK
X14,2010,15.06,15.95,45.46,9951.12,mock_data,3,1,3,15060000.0,15.95,0.66,-0.97,295.52,44.8,5988.69,75.05,ENV_MOCK
X14,2011,8.78,59.5,54.02,9112.28,mock_data,2,3,3,8780000.0,59.5,-0.34,-0.64,796.49,55.97,12744.93,71.61,ENV_MOCK
X14,2012,16.81,62.94,22.24,6636.35,mock_data,3,3,3,16810000.0,62.94,0.95,0.29,252.13,19.97,5680.17,25.93,ENV_MOCK
X14,2013,2.89,27.26,33.25,4409.88,mock_data,1,2,2,2890000.0,27.26,-1.4,-0.52,237.54,57.14,14346.86,89.01,ENV_MOCK
X14,2014,11.04,40.77,54.05,2663.53,mock_data,3,2,2,11040000.0,40.77,-0.18,-1.19,104.23,58.89,7956.87,14.38,ENV_MOCK
X14,2015,16.76,30.7,32.76,7988.12,mock_data,3,2,3,16760000.000000002,30.7,0.67,-1.14,717.7,32.74,3646.56,86.72,ENV_MOCK
X14,2016,13.06,19.32,51.15,3964.98,mock_data,3,1,2,13060000.0,19.32,-0.65,-1.29,722.02,55.03,1245.12,80.73,ENV_MOCK
X14,2017,14.43,19.2,57.78,4315.32,mock_data,3,1,2,14430000.0,19.2,-0.42,-0.71,422.35,52.52,4743.85,34.71,ENV_MOCK
X14,2018,19.71,44.82,39.53,614.18,mock_data,3,2,1,19710000.0,44.82,-1.71,-1.09,295.77,59.02,11471.93,32.59,ENV_MOCK
X14,2019,16.75,55.37,42.07,2931.18,mock_data,3,3,2,16750000.0,55.37,0.85,-1.47,322.49,14.11,13253.18,41.69,ENV_MOCK
X14,2020,9.87,66.92,60.21,6388.31,mock_data,2,3,3,9870000.0,66.92,-1.32,0.17,443.49,41.6,11560.07,79.78,ENV_MOCK
X14,2021,5.56,31.09,64.93,7854.15,mock_data,2,2,3,5560000.0,31.09,-1.81,-0.97,701.14,35.8,5929.3,77.49,ENV_MOCK
X14,2022,3.1,76.22,19.12,6553.44,mock_data,1,3,3,3100000.0,76.22,0.18,0.15,798.78,22.29,11065.77,94.95,ENV_MOCK
X14,2023,16.01,58.63,37.33,3554.02,mock_data,3,3,2,16010000.000000002,58.63,-1.72,-1.3,904.73,22.73,13018.73,10.03,ENV_MOCK
X15,2010,7.53,43.11,18.53,7986.8,mock_data,2,2,3,7530000.0,43.11,-1.53,-1.16,936.5,32.46,2025.57,20.27,ENV_MOCK
X15,2011,17.42,69.39,55.08,7826.21,mock_data,3,3,3,17420000.0,69.39,-1.86,-0.38,256.25,42.41,14057.74,11.82,ENV_MOCK
X15,2012,12.65,69.25,56.37,9230.22,mock_data,3,3,3,12650000.0,69.25,-0.29,-0.8,563.15,40.44,10536.07,52.29,ENV_MOCK
X15,2013,3.59,5.6,52.48,6041.99,mock_data,1,1,3,3590000.0,5.6,-1.92,0.04,961.07,11.01,4907.91,12.27,ENV_MOCK
X15,2014,5.91,31.46,59.95,5963.79,mock_data,2,2,3,5910000.0,31.46,-0.14,-1.05,132.75,17.55,4026.44,24.35,ENV_MOCK
X15,2015,0.54,24.66,17.99,4453.45,mock_data,1,2,2,540000.0,24.66,0.63,-0.83,289.46,54.42,11546.27,35.37,ENV_MOCK
X15,2016,7.23,68.5,67.35,7565.33,mock_data,2,3,3,7230000.0,68.5,-1.86,-0.08,674.53,20.94,2762.89,39.48,ENV_MOCK
X15,2017,7.34,38.26,33.23,8813.09,mock_data,2,2,3,7340000.0,38.26,0.97,-0.2,723.36,50.49,11942.02,33.22,ENV_MOCK
X15,2018,4.01,58.41,54.44,814.75,mock_data,1,3,1,4010000.0,58.41,-1.62,0.19,174.2,18.43,6932.03,64.36,ENV_MOCK
X15,2019,4.05,19.81,42.84,5752.07,mock_data,1,1,3,4050000.0,19.81,0.07,-1.3,720.1,36.76,3933.6,78.49,ENV_MOCK
X15,2020,0.77,62.09,41.07,6285.4,mock_data,1,3,3,770000.0,62.09,0.79,-0.39,456.44,43.45,14503.38,36.34,ENV_MOCK
X15,2021,9.29,35.6,19.58,2083.51,mock_data,2,2,2,9290000.0,35.6,-0.95,0.36,710.84,5.79,8178.6,71.04,ENV_MOCK
X15,2022,13.84,47.92,50.45,9395.33,mock_data,3,2,3,13840000.0,47.92,-0.94,-0.23,303.9,21.05,6101.56,65.28,ENV_MOCK
X15,2023,16.19,9.25,31.1,7165.93,mock_data,3,1,3,16190000.000000002,9.25,-1.72,0.05,617.52,47.05,7046.82,72.12,ENV_MOCK
X16,2010,15.18,69.05,15.25,3939.74,mock_data,3,3,2,15180000.0,69.05,0.08,-1.13,836.81,35.44,14248.09,35.39,ENV_MOCK
X16,2011,19.17,56.18,43.81,1000.14,mock_data,3,3,1,19170000.0,56.18,0.07,0.22,188.24,46.21,514.29,17.28,ENV_MOCK
X16,2012,16.67,39.71,38.8,8487.65,mock_data,3,2,3,16670000.000000002,39.71,-1.7,-0.26,470.61,7.19,12684.24,62.47,ENV_MOCK
X16,2013,13.47,74.16,26.37,7935.48,mock_data,3,3,3,13470000.0,74.16,-1.11,-0.22,362.91,39.56,5379.48,14.27,ENV_MOCK
X16,2014,13.28,55.5,64.25,7225.61,mock_data,3,3,3,13280000.0,55.5,-1.45,0.16,555.84,37.77,7812.94,27.79,ENV_MOCK
X16,2015,5.89,15.86,56.18,6646.04,mock_data,2,1,3,5890000.0,15.86,-1.82,0.21,908.47,35.84,1120.75,53.52,ENV_MOCK
X16,2016,13.4,14.54,32.26,9412.94,mock_data,3,1,3,13400000.0,14.54,-0.64,-0.36,180.68,17.4,13750.2,18.59,ENV_MOCK
X16,2017,17.75,56.98,33.71,4564.17,mock_data,3,3,2,17750000.0,56.98,-1.88,0.22,981.9,51.27,2621.74,29.11,ENV_MOCK
X16,2018,15.0,76.31,30.73,1672.67,mock_data,3,3,1,15000000.0,76.31,-1.18,0.35,802.21,50.3,7480.64,85.07,ENV_MOCK
X16,2019,19.73,70.06,38.9,2231.38,mock_data,3,3,2,19730000.0,70.06,-1.17,-1.28,586.51,46.23,11782.43,72.38,ENV_MOCK
X16,2020,18.97,37.42,18.9,3371.89,mock_data,3,2,2,18970000.0,37.42,0.75,0.45,331.14,27.73,2145.23,93.2,ENV_MOCK
X16,2021,13.31,22.45,39.05,6630.59,mock_data,3,2,3,13310000.0,22.45,-1.41,0.39,178.19,19.99,12833.07,39.27,ENV_MOCK
X16,2022,6.59,55.2,54.79,9091.11,mock_data,2,3,3,6590000.0,55.2,-1.75,0.32,559.28,32.85,10928.44,93.44,ENV_MOCK
X16,2023,10.33,12.72,12.58,4773.76,mock_data,3,1,2,10330000.0,12.72,-1.38,-0.3,474.73,24.49,11054.21,41.88,ENV_MOCK
X17,2010,6.73,23.0,27.11,4098.45,mock_data,2,2,2,6730000.0,23.0,0.77,-0.62,511.2,9.69,12493.11,52.74,ENV_MOCK
X17,2011,15.59,31.52,64.03,6916.45,mock_data,3,2,3,15590000.0,31.52,-1.98,-0.49,970.55,40.72,13488.16,32.94,ENV_MOCK
X17,2012,19.27,15.19,34.7,5960.92,mock_data,3,1,3,19270000.0,15.19,0.92,0.21,680.92,16.34,7173.36,78.02,ENV_MOCK
X17,2013,2.28,52.16,41.53,9324.89,mock_data,1,3,3,2280000.0,52.16,-1.58,0.24,654.46,33.05,11739.97,61.63,ENV_MOCK
X17,2014,2.86,68.91,45.72,8772.19,mock_data,1,3,3,2860000.0,68.91,-1.47,-0.3,981.41,41.78,11927.59,90.16,ENV_MOCK
X17,2015,8.69,42.28,61.97,7479.26,mock_data,2,2,3,8690000.0,42.28,-0.88,0.17,773.66,37.55,7553.45,37.51,ENV_MOCK
X17,2016,14.03,67.83,35.84,2633.9,mock_data,3,3,2,14030000.0,67.83,-1.1,0.29,861.1,36.88,10544.18,29.65,ENV_MOCK
X17,2017,7.87,35.32,50.19,4825.89,mock_data,2,2,2,7870000.0,35.32,0.78,-0.06,112.76,10.74,4009.79,69.04,ENV_MOCK
X17,2018,2.41,69.97,34.58,874.56,mock_data,1,3,1,2410000.0,69.97,-1.38,-1.16,170.19,52.15,2738.7,22.16,ENV_MOCK
X17,2019,14.79,52.57,60.46,1719.06,mock_data,3,3,1,14790000.0,52.57,0.68,-0.11,463.46,51.95,10628.54,57.54,ENV_MOCK
X17,2020,17.95,30.35,18.49,9464.21,mock_data,3,2,3,17950000.0,30.35,-0.04,-1.48,552.19,22.59,5772.73,75.03,ENV_MOCK
X17,2021,15.43,19.32,17.29,1784.39,mock_data,3,1,1,15430000.0,19.32,-1.58,-0.74,418.93,19.08,10250.87,54.29,ENV_MOCK
X17,2022,7.59,39.01,11.54,1800.23,mock_data,2,2,1,7590000.0,39.01,-1.51,-0.32,870.07,8.71,14142.55,45.6,ENV_MOCK
X17,2023,16.21,7.58,15.42,6127.53,mock_data,3,1,3,16210000.0,7.58,0.1,-0.37,351.77,31.84,11781.89,25.65,ENV_MOCK
X18,2010,18.9,79.63,53.65,6726.26,mock_data,3,3,3,18900000.0,79.63,-1.85,-0.71,470.87,24.11,2712.59,4.77,ENV_MOCK
X18,2011,8.66,27.31,37.43,7258.44,mock_data,2,2,3,8660000.0,27.31,-1.97,-1.01,709.65,54.09,1785.21,72.93,ENV_MOCK
X18,2012,13.29,16.32,25.83,9404.66,mock_data,3,1,3,13290000.0,16.32,0.66,0.11,877.74,50.75,1085.25,18.44,ENV_MOCK
X18,2013,10.54,26.64,31.69,9613.47,mock_data,3,2,3,10540000.0,26.64,-1.93,-1.25,399.6,22.11,14355.49,63.9,ENV_MOCK
X18,2014,1.04,63.12,13.37,3074.13,mock_data,1,3,2,1040000.0,63.12,-1.49,0.27,178.63,6.79,3894.13,26.23,ENV_MOCK
X18,2015,11.42,65.74,57.23,3052.53,mock_data,3,3,2,11420000.0,65.74,0.48,-1.45,198.74,38.73,6357.77,87.89,ENV_MOCK
X18,2016,14.11,71.26,20.69,7942.76,mock_data,3,3,3,14110000.0,71.26,-0.56,-1.01,303.01,19.12,13346.13,70.64,ENV_MOCK
X18,2017,6.25,58.4,62.9,4665.28,mock_data,2,3,2,6250000.0,58.4,-1.84,-0.78,921.15,15.24,8353.99,13.17,ENV_MOCK
X18,2018,9.62,26.06,37.06,6871.82,mock_data,2,2,3,9620000.0,26.06,0.13,-1.38,310.62,5.52,6290.65,47.66,ENV_MOCK
X18,2019,8.83,44.57,20.41,3344.22,mock_data,2,2,2,8830000.0,44.57,0.58,-1.42,834.25,5.36,12708.28,92.27,ENV_MOCK
X18,2020,1.63,27.03,10.2,6286.51,mock_data,1,2,3,1630000.0,27.03,-0.88,-0.96,581.16,8.1,718.97,40.38,ENV_MOCK
X18,2021,18.1,12.71,36.25,3612.3,mock_data,3,1,2,18100000.0,12.71,-0.13,-0.2,749.74,45.0,8027.83,73.32,ENV_MOCK
X18,2022,16.96,38.31,41.36,6916.02,mock_data,3,2,3,16960000.0,38.31,-0.72,-0.98,176.39,38.01,8387.73,64.19,ENV_MOCK
X18,2023,8.35,29.46,51.71,2317.05,mock_data,2,2,2,8350000.0,29.46,-0.27,-1.34,688.69,16.66,6160.67,17.67,ENV_MOCK
X19,2010,10.36,35.92,26.52,3733.06,mock_data,3,2,2,10360000.0,35.92,-0.89,0.26,947.68,11.13,2967.71,37.17,ENV_MOCK
X19,2011,1.29,39.45,64.39,1003.99,mock_data,1,2,1,1290000.0,39.45,-0.26,-0.3,906.84,13.77,3992.08,93.54,ENV_MOCK
X19,2012,6.09,58.65,63.17,5419.46,mock_data,2,3,3,6090000.0,58.65,-0.24,-0.24,461.36,30.1,12955.4,34.0,ENV_MOCK
X19,2013,11.33,12.13,41.28,730.56,mock_data,3,1,1,11330000.0,12.13,-1.11,-0.43,611.77,22.98,14094.06,27.95,ENV_MOCK
X19,2014,19.53,73.46,37.23,8931.11,mock_data,3,3,3,19530000.0,73.46,-0.84,-0.93,407.81,5.1,13578.24,55.89,ENV_MOCK
X19,2015,0.99,32.11,56.56,8707.07,mock_data,1,2,3,990000.0,32.11,-0.23,0.28,473.94,56.39,8127.57,65.22,ENV_MOCK
X19,2016,14.63,62.39,14.2,2880.39,mock_data,3,3,2,14630000.0,62.39,-1.08,0.34,128.0,19.8,6708.11,37.42,ENV_MOCK
X19,2017,8.42,59.28,54.36,6037.8,mock_data,2,3,3,8420000.0,59.28,-1.68,-1.18,106.09,24.12,4949.61,92.8,ENV_MOCK
X19,2018,15.96,13.47,36.92,3690.85,mock_data,3,1,2,15960000.0,13.47,-0.5,-1.22,871.36,10.25,4915.96,17.8,ENV_MOCK
X19,2019,2.68,49.04,64.05,9718.92,mock_data,1,2,3,2680000.0,49.04,-0.77,-1.49,850.32,5.58,8971.89,23.58,ENV_MOCK
X19,2020,8.13,56.15,44.45,5558.09,mock_data,2,3,3,8130000.000000001,56.15,0.06,-1.42,576.12,48.15,1488.78,97.76,ENV_MOCK
X19,2021,0.88,79.71,60.6,7195.67,mock_data,1,3,3,880000.0,79.71,-1.32,-0.26,121.46,51.16,3919.55,86.84,ENV_MOCK
X19,2022,9.41,66.73,65.07,7534.22,mock_data,2,3,3,9410000.0,66.73,-1.72,0.02,826.9,5.65,11292.28,88.94,ENV_MOCK
X19,2023,3.57,40.2,37.58,701.88,mock_data,1,2,1,3570000.0,40.2,-1.75,0.47,600.42,29.58,8071.17,45.07,ENV_MOCK
